Links,Texts,Text
https://navavani.org.in/wp/archives/18656,संस्कृतदिनगीतम् 2024,"संस्कृतजीवनम्
संस्कृतभाषामधुरं पिबतु
मधुरं मधुमधुरम् ।
संस्कृतभाषां श्रृणुतान्नित्यं
मुरलीनिनदसमाम् ।
पठताद्भाषां ललितां सरलां
पावनचरितां ताम्
परमपवित्रां सागरतुल्यां
मधुरां पदललिताम् ।
वदतान्मानव ! संस्कृतभाषां
वीणाक्वणितसमाम्
लिखतान्नितं सरसमनोज्ञां
सारां चार्थभराम् ।
संस्कृतमेतत् जीवनमखिलं
सर्वजनानां मे
तस्मिन्नेव हि सततं भूयात्
स्नेहामृतवर्षम् ॥
Vijayan V Pattambi"
https://navavani.org.in/wp/archives/18523,प्रार्थये सुमङ्गलम् ।,"मित्रका : ! मित्रकाः ! पाठशालां गच्छत
वर्णवस्त्रभूषिताः नव्यस्यूतसंयुताः ।
छत्रमेकं टोपिकाञ्च सञ्चयन्तु सत्वरम्
वर्षकालमस्ति मित्राः ! वर्षणं भविष्यति ।
सावधानं गच्छत यानमार्गमाश्रिताः
प्राप्य लक्ष्यं चावतरन्तु चोत्तमाश्च निर्भयम् ।
गुरुवरान् प्रणम्य भोः वर्गमेत्य सत्वरम्
आश्रयन्तु स्वस्यस्थानमाचरन्तु प्रार्थनाम् ।
संस्कृतं पठन्तु मित्राः संस्कृतं महत्तमम्
सर्वलोकवन्दितं सज्जनैः प्रवर्धितम् ।
संस्कृतेन सन्ततं भाषणं च मित्रकै :
संस्कृतेन सर्वमस्तु संस्कृतेन रक्ष्यते ।
व्यवहरन्तु साधु रीत्या सर्वकालं मित्रका :
उत्तमोत्तमाश्च सन्तु प्रार्थये सुमङ्गलम् ॥
विजयन् वि पट्टाम्पि ।"
https://navavani.org.in/wp/archives/18447,ജലാഷ്ടകം,"ഗ്രീഷ്മാരംഭേ യഥാപൂർവം
സോഷ്ണം ജാതം മഹീതലം!
ജലദിനം സമായാതം (മാർച്ച് 22)
സ്മാരയജ്ജലവൈഭവം!!
ജലാത്തു ജായതെ ജീവ:
ജലേനൈവ വിവർധതെ!
ജലാഭാവേ ഭവേന്നാശ:
ജലം ഹി ജീവനൗഷധം!
കൂപാദ്ധി ജായതെ വാരി
നാളികായാസ്തു കർഹിചിത് !
തത്സർവം സലിലം ഹന്ത
വർഷാദേവ സമുദ്ഗതം!
ജലം ഭൂരി പിബേന്മർത്യ :
ജലം തേ ജീവനൗഷധം!
ജലാഭാവേ ഭവേദ്ദേഹം
സോഷ്ണമസ്വാസ്ഥ്യ പൂരിതം!
ജലം ന മലിനം കുര്യാത്
മൂത്രേണ ച മലേന ച
ജന്തൂനാം സ്നാപനം വർജ്യം
നിദാഘേഷു ജലാശയേ !
അമൃതം ജീവനം തോയം
പയോ ജീവനസാധകം!
നാമാന്തരാണി ചൈതാനി
പ്രസിദ്ധാനി മഹീതലേ !
ജലനാശോ ഭവേന്നൈവ
ജലം തു വിശ്വസംസ്ഥിതം!
രൂപാന്തരമവാപ്യൈതത്
നിലീനം ദേവതാസമം!
ജലാഷ്ടകമിദം നിത്യം
ഹൃദി കൃത്വാ വസേന്നര !
ആചരേച്ച യഥായോഗ്യം
നൂനം ഹി സ്വാസ്ഥ്യവാൻ ഭവേത്!!
Vijayan V Pattambi"
https://navavani.org.in/wp/archives/18346,नव्यगीतम्।,"नव्यगीतम्।
नववर्षीयविभातं जातम् 
दृष्टं मे दिनदर्शनपत्रम् ।
उदयास्तमयौ स्वापविनोदौ
जातौ दैनिकरीत्या भुवने ।
नववर्षामृतशुभवचनानि
निर्गलितानि शतशश्चात्र ।
चित्तान्यपि भुवि सर्वजनानां
दीप्तानि खलु नवसूर्यप्रभया ।
अतिवित्तार्जनचिन्ता त्यज्या
साधूनां ते खलु सेवा कार्या ।
परिवारीयं सेवनकार्य
करणीयं खलु भवता सततम् ।
बन्धुजनानथ मित्रजनांश्च
स्वजन समानान् कुरुत हृदिस्थान्
वचनान्यथ खलु क्षेमपराणि
वक्तव्यानि यथोचितरीत्या ॥
गृहिणी पुत्राःपरिपाल्या हि
तेनैवात्र तु जीवनमुक्ति : I
कर्मपरात्र हि मनसा वाचा
करणीया भुवि मानवसेवा ।
द्वेषानखिलान् मानसजन्यान्
त्यक्त्वा चित्तं विमलीकुर्या :।
सर्वानपरान् चात्मसमानान्
मत्वा चित्ते कुरु कर्माणि ॥
स्नेहादेव हि जन्यो लोक :
स्नेहेनेवाभ्युदयो भूयात् ।
स्नेही लभते सर्वसुखानि
नववर्षामृतदिव्यपराणि ॥
                    विजयन् वि. पट्टाम्बी"
https://navavani.org.in/wp/archives/18274,केरलं मनोहरम्|,"केरलं मनोहरं
चारूवृक्षपूरितम्
हारकं चित्तपद्मनां
भूरिजननिवासिनाम्।
हरितशाद्वलैर्युतं
परित :सागरैर्भरम् ।
केरकेदा२सुन्दरं
वीरजनवर्धकम् ॥
‘ केरल ‘ नामैव सम्पन्नं
केरवृक्षकजालकैं : I
कार्यमेव वन्दनं तस्मै
केरलाय चाहर्निशम् ॥
वन्दनीयमुनिभिः
शङ्करैश्च कविभिः ।
सन्ततं सुसेवितं
सुन्दरं वर्णोद्यानम् ॥
 
Vijayan V Pattambi"
https://navavani.org.in/wp/archives/18043,सर्वसम्मता भवन्तु ।,"( 2023 – 24विद्यालयीय वर्षस्य शुभकामनाः )
जूण् माससमारम्भे
केरलेषु यथाविधि ।
विद्यालया : यथापूर्वं
उद्धाट्यन्ते च सर्वशः ॥
छात्रास्त्वुत्साहिनो भूत्वा
धृत्वा वस्त्रं च नूतनम् ।
आदाय नूतनं छत्रं
गच्छन्ति पुण्यमन्दिरम्॥
प्रप्य विद्यालयं तूर्णं
चारूवर्णैश्च लेपितम् ।
आचार्यांस्तु प्रणम्या /थ
स्वस्थानमार्जयन्तु भोः । ।
भाषापठनसन्दर्भे
संस्कृतं सर्वसम्मतम् ।
स्वीकुरत तमेवात्र
भवतां श्रेयसे मुदा ॥
संस्कृतं सर्वभाषाणां
जननी शक्तिशालिनी ।
सरलं ललितं चैव
संस्कृतं लोकरञ्जकम् ॥
पठनात् संस्कृतस्यास्य
जायेत परमोन्नति : ।
पराश्रयं विना नित्यं
जीवितुं प्रभविष्यथ ॥
परनिन्दां परित्यज्य
परसाहाय्यतत्पराः ।
अहङ्कारं च त्यक्त्वाथ
भवत चोत्तमोत्तमः ॥
पुराणेषु पुराणं तत्
नवीनेषु च नूतनम् ।
संस्कृतं सर्वलोकेभ्यः
चित्त सौख्यप्रदायकम् ॥
इतिहासपुराणानां
सारसर्वस्वमार्जितम् ।
सुभाषितसुगन्धैश्च
भूषितं मम संस्कृतम् ॥
पठत पठत छात्राः
संस्कृतं हि निरन्तरम् ।
पठन्तो संस्कृतं नित्यं
भवेयुः सर्वसम्मताः ॥
विजयन् वि पहाम्पि |"
https://navavani.org.in/wp/archives/17747,आशंसा वचनम्।,
https://navavani.org.in/wp/archives/17715,संस्कृतप्रणयभाजनं पि टि कुरियाकु मास्टर अनुस्मरणम् ।,"पावरट्टी साहित्यदीपिका संस्कृत महाविद्यालयस्य स्थापकः भवति संस्कृतप्रणयभाजनं पि टि कुरियाक्कुमास्टर । संस्कृतप्रणयि नस्तस्य पञ्चाशत्तमे चरमवार्षि कावसरे केरल संस्कृत अक्कादमी संस्थया तद्बहुमानार्थं 25000 रुपयकात्मकः पारितोषिकः तथा स्मारकप्रभाषपणञ्च आयोजितमस्ति । धन्ये अस्मिन् मुहूर्ते महदौचित्यमेवैतत् महानुभावस्य जीवितस्य तथा प्रवर्तनानां च स्मरणम् ।    १८८९ तमे वर्षे अक्तूबूर मासस्य चतुर्थे दिने तृशूर प्रान्ते ओरूमयूर् ग्रामे कुरियाकुमास्टर् जनिमलभत। पुलिकोट्टिल् पोरि ञ्चुतारु तथा वटक्कूट्ट् एलियम्मा चास्तां तस्य पितरौ। ग्रामस्थे प्राथमिकविद्यालये तथा पालयूरु विद्यालये चासीत्तस्य अध्ययनम् ।
औपचारिक पठने अतत्परः आङ्ग्लपठनविरोधी चासौ चावक्काट् बोर्ट् विद्यालये पठनार्थ नियुक्तोfपि तस्मान्निवृत्तः अनौपचारिकरीत्या संस्कृतं पठितुमारभत । काव्य नाटाकदिषु असामान्यां व्युत्पत्तिं सम्पादितवानयं पश्चात् कोषिकोटु देशीयात् वाग्भटानन्द : इति नाम्ना प्रसिद्धात् वयलेलेि कुञ्जिक्कण्णन् गुरुक्कल् इत्याचार्याद् . व्याकरणम् अधीतवान् । ततः१९१० तमे वर्षे कोट्टेककाट पोरिञ्चुपुत्री कोच्चुमट रिया तस्य प्रियपत्नी अभवत् । तस्यां पञ्च अपत्यानि जातानि यानि सर्वाणि यथाकालं संस्कृतपठने नियोजितवान् स भाषास्नेही ।
    तदन्तरे कुरियाक्कु मास्टर स्वभवने संस्कृताध्यापनं समारभत । बहवः छात्रास्तत्र पठनाय समागताश्च । १९११ तमे वर्षे समीस्थं मन्दिरं स्वीकृत्य तत्र वैपुल्येन संस्कृत पाठनमायोजयत् । अचिरादेव १९१६ तमे बर्षे तदर्थं मद्रास् सर्वका२स्य अड्डीका२लब्धिश्चाभवत् । ततः १९३२ तमे वर्षे
संस्कृत विद्वान् साहित्यशिरोमणिः इत्यादिषु तत्र अध्ययनं प्रवृत्तम् । वियालयः अयं महाविद्यालयत्वेन परिणतोभवत् । अस्मिन् कर्मणि पुन्नश्शेरी गुरुनाथस्य मार्गदर्शन तस्मै मुपलब्धमासीत् ।
     १९३८ तमे वर्षे विद्यालयस्य आवश्यकं भवनस्य तथा भूमेश्च सम्पादनाय मद्रास् सर्वकारसभा सदस्यस्य एन् गोपाल मेनवस्य गणित पण्डितस्य कोरुमास्टर वर्यस्य तथा पावरट्टी ग्रामाघिकारिणः वि जे जोसफ़ वर्यस्य चापि प्रयत्न: सफलो जातः । महाविघालये चास्मि न्१९६६ वर्षपर्यन्तं प्रांशुपालपद मलड्कृतवान् कुरियाकु मास्टर । पूवत्तूर चेलिश्शरी वासु देवन् इलयत् तत्पुत्रः पि सी वासुदेवन् इलयत्, प्रो के पि नारायण पिषारटि, प्रो यम् पि शङ्कुण्णि नायर , प्रो : एन् डि कृष्णनुण्णी , स्वपुत्रौ पि के प्रान्सिस् , के पि जोस् पि श्रीकु मार न् नायर श्रीमती पि के पद्मावती च तत्र अध्यापकवृत्तिमनुष्ठितवत्सु प्रमुखा आसन् । १९७३ वर्षेस्य फेब्रुवरि मासस्य २३ दिनाङ्के स महात्मा मृत्यवशगः अभूत् ।
  मनीषिणा कुरियाककुमास्टर वर्येण संस्थापितः साहित्यदीपिका संस्कृतमहाविद्यालय: एव पश्चात् पुरनाटुकरा केन्द्रीय संस्कृत महाविद्यालयरूपेण विकासपरिणाममाप्तः। तदात्वे धर्मान्धताभरिते के२लीयसमाजे संस्कृतपठनमवलम्ब्य नवोत्थानप्रवर्तनेषु आमग्नः कुरियाकुमास्टर आदरणीयो भवति तस्य अनुस्मरणम् अभिमानवर्धकमानन्दजनकञ्च ।
” आजीवं स्वीकृतं येन संस्कृतं जीव नव्रतम्।
अर्पये सादरं तस्मै योगिवर्याय वन्दनम्” ॥
विजयन् वि. पट्टाम्पि"
https://navavani.org.in/wp/archives/17221,ജയ ജയ കേരള ധരണി !,"ജയ മേ കേരള ധരണി
ജയതാത് മാമക ജനനി!
മാബലി ശാസിത ശുഭദേ
പാവനചരിതേ ജയതാത്
ജയതാത് ജയതാത്
പാവനചരിതേ ജയതാത് !
ചഞ്ചലജലധി സുഗീതേ
വന്ദിത പാവനചരിതേ !
മംഗളശീലേ ജയതാത്
പഞ്ചമരാഗഭരേ ! സൂഭഗേ . ജയ താത്
.ജയതാത് ജയതാത്
ധീരേ ജനനീ ജയതാത് !
മലയജ ഗന്ധ സമേതേ
ജനതതിപോഷണനിരതേ
ഓഷധിസസ്യ സമൃദ്ധേ ജയതാത്
കേരള പുണ്യധരേ !
ജയതാത് ജയതാത്
മാമക ജനനീ ജയതാത് !
നാനാ ജനതതിപൂർണ്ണേ
സസ്യശ്യാമളവർണ്ണേ!
കേര കദംബിത പുണ്യേ ജയതാത്
മാമക പുണ്യധരേ !
ജയതാത് ജയതാത്
മാമകജനനീ ജയതാത്
 
വിജയൻ വി. പട്ടാമ്പി"
https://navavani.org.in/wp/archives/17026,जय जय मङ्गलशीले..।,"भारतमातः धीरे जननि !
जय जय मङ्गलशीले !
जनततिवन्दितधन्यधरित्री
लसताल्लसतान्नित्यम् ॥
जनहितपालननिरते धन्ये
तावकविजयपताका ।
गगने लसतादतिरुचिरा सा
पवनान्दोलितकलिका ।
जनकोटिभिरतुलमनोज्ञा
वीरजनावलिभरिता ।
स्वतन्त्रभारतधरणी जननी
जयताज्जयदानिशम् ।
सैनिकवीरै : रक्षितसीमः
विन्ध्यहिमाचलदेशः ।
सागरलहरीतरलिततीर :
सुन्दरसुरभिलदेशः ।
शत्रूनखिलं दमनं कृत्वा
जय जय . जननि मनोज्ञे !
ऋषिजनवन्दित धरणी जयता –
ज्जयताज्जयतादनिशम् ॥
रचना-

 
 
 
 
 
 
 
Vijayan V Pattambi"
https://navavani.org.in/wp/archives/16568,രമണൻ സംസ്കൃതത്തിൽ – ശ്രീ മുത്തലപുരം മോഹൻദാസ്,
https://navavani.org.in/wp/archives/16344,नववर्षशुभगीतम् – विजयन् वि. पट्टाम्बि।,"जय जय मङ्गलवर्ष समागत
जय जय हर्षद कालरूपिन्।
(जय जय…..)
नववर्ष संगम सुदिनसमागमे
हृदयप्रकर्षो मे ज्वलति तीव्रम्।
नववर्षसंजात पल्लवजालेन
हृदयं हरतीव बालचूतः।।
(जय जय…)
मधुमत्तकोकिलैः सुमदलगन्धैश्च
जनुवरिमासोयं हृदयहारी।
सुरभिलवायुना मृदुपु्ष्पकेलिभि-
रनुदिनं चित्तमपहरति।।
(जय जय…)
लसतां विलसतामानन्दसागरो
हृदयेषु मानवमन्दिरेषु।
मधुरं च मङ्गलं तावक जीवन-
मनुदिनं वर्षेस्मिन् भवतु मित्र।।
(जय जय…)
हरतु वो दूरितान्यखिलानि सर्वेश
कृपया जगत्रयपालकस्य।
भवतु जगदयं सुखदो निरामयो
नववर्षहर्षेषु मङ्गलेषु।।
(जय जय…)"
https://navavani.org.in/wp/archives/16315,शलभेभ्यः – विवर्तनम् – NARAYANAN N,"പാറ്റകളോട്
തീയിൽചാടി മരിക്കാനോ, തീ
തിന്നാമെന്നു നിനച്ചിട്ടോ?
തീയിനുനേരെ കൂട്ടത്തോടെ
പായുന്നു ചെറു പാറ്റകളേ?
തീയിൽച്ചാടി മരിക്കാൻ മാത്രം
തിന്മകളുണ്ടോ ലോകത്തിൽ?
പൊട്ടിവിടർന്നപ്പോഴേക്കങ്ങനെ
പറ്റിപ്പോയീ നൈരാശ്യം ?
തിന്നാനുള്ളതുതാനിക്കത്തും
തീയെന്നോർത്തിട്ടാണെങ്കിൽ
നിങ്ങളോടൊന്നും പറയാനില്ലിനി
നിഖിലേശ്വരനോടല്ലാതെ
അറിവുണ്ടാകുംവരെയിനിയാർക്കും
ചിറകില്ലാതെയിരിക്കട്ടെ
അക്കിത്തം
शलभेभ्यः।
वह्निसमक्षं संघो भूत्वा
अयि किं शलभाः धावन्ति?
निवत्य वह्नौ मरणं प्राप्तुं
भोक्तुं योग्यं मत्वा किम्?
प्रविश्य वह्नौ मृतिमाप्नोतुं
दोषा केयिह भूलोके?
प्रादुर्भूते नूतनसमये
त्वभवत् कथमिह नैराश्यम्?
एतां भोक्तुं चेद्यति युक्तां
वह्निज्वालां प्रोज्वलितां
किमपि न भाषे युष्मान् प्रति तं
निखिलेश्वरमेवं वच मे
विवेकसहितं ज्ञानं यावत्
तावत् पक्षौ मा भवतु।
Narayanan N Kuttoth

KOzhikode – 673524
Phone: 9496222537
Audio Click here"
https://navavani.org.in/wp/archives/16097,മൂകാംബികാസ്തുതിപഞ്ചകം: Sankarji Kodakara,"മൂകാംബികാസ്തുതിപഞ്ചകം
ശങ്കര്‍ജി കൊടകര
1
സന്താപനാശനിപുണാം സകലാഭിവന്ദ്യാം
സദ്ബുദ്ധിദാനവ്രതദീക്ഷിത ചിത്പ്രകാശാം
മൂകായ വാഗമൃതദാനപരാം മഹേശീം
മൂകാംബികാം ഭഗവതീം ശരണം പ്രപദ്യേ
അര്‍ത്ഥം – സന്താപത്തെ നശിപ്പിക്കുന്നവളും എല്ലാവരാലും അഭിവന്ദ്യയും സദ്ബുദ്ധിയെ പ്രദാനം ചെയ്യുന്നതില്‍ വ്രതമെടുത്ത ചിത്പ്രകാശയും മൂകനെന്ന കവിക്ക് (മൂകന്മാര്‍ക്കും) വാക്കാകുന്ന അമൃതം പ്രദാനം ചെയ്തവളും ആയ മൂകാംബികാ ഭഗവതിയെ ഞാന്‍ ശരണം പ്രാപിക്കുന്നു.
2
കാര്യം മയാംബ! തവ പാദയുഗാര്‍ച്ചനം ഹി
ജപ്യം ഹി ദേവി! തവ നാമസഹസ്രകാണി
ധ്യേയം ത്വദീയവരദാഭയചാരുരൂപം
മൂകാംബികാം ഭഗവതീം ശരണം പ്രപദ്യേ.
അര്‍ത്ഥം – അമ്മേ ! അവിടുത്തെ പാദപൂജ ചെയ്യുക എന്നതാണ് എന്റെ കര്‍ത്തവ്യം .ഹേ ദേവി !ഞാന്‍ ജപിക്കേണ്ടത് അവിടുത്തെ ആയിരക്കണക്കിന് വരുന്ന നാമജാലങ്ങളെ മാത്രം. അങ്ങയുടെ വരാഭയമായ മനോഹരരൂപത്തെ ആണ് ഞാന്‍ ധ്യാനിക്കേണ്ടത് . മൂകാംബികാഭഗവതിയെ ഞാന്‍ ശരണം പ്രാപിക്കുന്നു.
3
യാ ഹ്യാപഭൂമ്യനിലതേജവിയത്സ്വരൂപാന്‍
ധ‍ൃത്വാ Sഥ പാതി സകലാനി ചരാചരാണി
യാ ശാങ്കരീ പ്രണവതത്ത്വമയീ ച യാസ്താം
മൂകാംബികാം ഭഗവതീം ശരണം പ്രപദ്യേ.
അര്‍ത്ഥം – യാതൊരു ദേവിയാണോ ജലം ഭൂമി വായു തേജസ് ആകാശം എന്നീ രൂപങ്ങളെ ധരിച്ച് (അവയെ സൃഷ്ടിച്ച് )സകലചരാചരങ്ങളേയും രക്ഷിക്കുന്നത് , പ്രണവതത്ത്വമയിയായ സരസ്വതിയും ശിവശക്തിയായ ശാങ്കരീദേവിയുമായി ആരാണോ നില കൊള്ളുന്നത് ആ മൂകാബികാദേവിയെ ഞാന്‍ ശരണം പ്രാപിക്കുന്നു.
4
ഷഡ്വൈരിപാടനചണാം ത്രിഗുണാതിരൂപാ–
മഷ്ടപ്രദാനനിപുണാം ജഗദേകനാഥാം
ത്രയ്യന്തരാര്‍ത്ഥരതഭൂമിസുരാഭിവന്ദ്യാം ‍
മൂകാംബികാം ഭഗവതീം ശരണം പ്രപദ്യേ.
അര്‍ത്ഥം–കാമം ക്രോധം ലോഭം മോഹം മദം മാത്സര്യം തുടങ്ങിയ ആറു ശത്രുക്കളെ നശിപ്പിക്കുന്നതില്‍ നിപുണയും സത്വം രജസ് തമസ് എന്നീ ഗുണങ്ങള്‍ക്ക് അതീതമായ രൂപമുള്ളവളും അഷ്ടൈശ്വര്യപ്രദായിനിയും ജഗത്തിന് ഏകനാഥയും മൂന്ന് വേദങ്ങളുടെ അന്തരാര്‍ത്ഥവിചിന്തനത്തില്‍ മുഴുകിയ ഭൂസുരന്മാരാല്‍ (പണ്ഡിതന്മാരാല്‍) അഭിവന്ദ്യയുമായ മൂകാംബികാദേവിയെ ഞാന്‍ ശരണം പ്രാപിക്കുന്നു .
5
യസ്യാഃ സ്മൃതിര്‍ഹരിഹരേന്ദ്രദിഗീശദേവ–
വൃന്ദസ്യ സര്‍വ്വവിജയപ്രഥമോ ഹി ഹേതുഃ
യാമാമനന്ത്യഖിലവര്‍ണ്ണമയീതി വേദൈഃ
താമംബികാം ഭഗവതീം ശരണം പ്രപദ്യേ.
അര്‍ത്ഥം – വിഷ്ണു ശിവന്‍ ഇന്ദ്രന്‍ തുടങ്ങിയ ദിഗ്ദേവന്മാര്‍ അടങ്ങിയ ദേവവൃന്ദത്തിന്റെ സകല വിജയത്തിനും ആദ്യ കാരണമാകുന്നത് യാതൊരു ദേവിയുടെ സ്മരണയാണോ, സകല വര്‍ണ്ണസ്വരൂപയായി യാതൊരു ദേവിയെയാണോ വേദങ്ങള്‍ പ്രകീര്‍ത്തിക്കുന്നത് ആ മൂകാംബികാദേവിയെ ഞാന്‍ ശരണം പ്രാപിക്കുന്നു.
ഫലശ്രുതി
മൂകാംബികാമഹാദേവ്യാഃ സ്തോത്രമേതത് ജപേദ്യദി
തസ്യ വാണീ സഭാമദ്ധ്യേ സ്ഖലിതാ ന ഭവിഷ്യതി
അര്‍ത്ഥം – മൂകാംബികാദേവിയുടെ ഈ സ്തോത്രം ജപിക്കുന്നവന്റെ വാക്ക് സഭാമദ്ധ്യത്തില്‍ ഒരിക്കലും പിഴയ്ക്കുകയില്ല
2017 ല്‍ ആണെന്ന് തോന്നുന്നു സംസ്കൃത അദ്ധ്യാപകരായ ലിപി ദിലീപ് വിനായക് രാജേഷ് എന്നിവരുമൊത്ത് മൂകാംബികാ ക്ഷേത്രദര്‍ശനം നടത്തുകയുണ്ടായി . അപ്പോള്‍ മനസില്‍ തോന്നിയത് ചൊല്ലി . വിനായക് മാഷ് അത് സ്വന്തം മൊബൈലില്‍ എഴുതി സൂക്ഷിച്ചു . ആ പദ്യങ്ങള്‍ പല വട്ടം തിരുത്തി പരിഷ്കരിച്ചതാണീ സ്തോത്രം . സജ്ജനസമക്ഷം സമര്‍പ്പിക്കുന്നു.
സമര്‍പ്പണം
എന്റെ അഭിവന്ദ്യ ഗുരുനാഥന്‍ പ്രോഫ. എ. സുബ്രഹ്മണ്യ അയ്യര്‍ സാറിന്റെ പാദപത്മങ്ങളില്‍
അകാരാദി ഹകാരാന്താ–
ന്യക്ഷരാണി നമാമ്യഹം
വര്‍ണ്ണരൂപാം ശാരദാം താം
പ്രണമാമി പുനഃ പുനഃ
ഗുരുകാരുണ്യസിന്ധ്വംബു–
സ്നാതസ്യ രചനാം മമ
ഗുരുപാദാംബുജദ്വന്ദ്വേ
അര്‍പ്പയേ Sഹം യഥാവിധി"
https://navavani.org.in/wp/archives/16103,मच्चिते सन्निधिं कुरु । Vijayan V Pattambi,"मच्चिते सन्निधिं कुरु ।
– – – – – – – – – – – – –
सरस्वति नमस्तुभ्यं
सर्वपापविनाशिके ।
शारदे मायिके देवि !
मच्चित्ते सन्निधिं कुरु ॥ ।
मातृरूपेण भूतेषु
सततं संस्थिता हृदि ।
सर्वेषां सौख्यलाभाय
देवि तुभ्यं नमो नमः ॥ २
पद्मनाभप्रिये देवि
पद्मपीठसुसंस्थिते ।
पद्मगन्धेन सम्पन्ने
पद्माक्षि ! पाहि मां सदा॥3
शुभ्रवस्त्रप्रिये देवि
रत्नहारविभूषिते ।
शरच्चन्द्रोज्वले धन्ये
चन्द्रिकाधवलप्रभे ॥ 4
कमण्डलुमक्षमालाञ्च
धारयन्ती करेषु या
सा मे चित्ततमः हन्तु
सर्वपापानि सर्वदा। । 5
चलत्पद्मविलोलाक्षि !
विमले विश्वरक्षिके ।
विलोलाक्षियुगे पुण्ये
मच्चित्ते सन्निधिं कुरु ॥ 6
ब्रह्मणा शङ्करणापि
विष्णुना चापि पूजिते ।
सर्वदेवकुलै र्नित्यं
पूजिते जगदम्बिके ॥ 7
जाड्यापहारिके देवि
कष्टसङ्कटनाशिके ।
शिष्टानां जनजालानां
रक्षिके शक्तिरुपिणि । । 8
शिवे च शिवदे देवि
शिवचित्तनिवासिनि ।
शिवेतरविनाशाय |
शैलपुत्रि ! नमो नमः ॥ 9
पाहि पाहि सदा पाहि
पावनेष्वतिपावने ।
पापान्मां मोचय भद्रे
परमानन्ददायिके ॥ 10"
https://navavani.org.in/wp/archives/15993,संस्कृतदिनाचरणस्तवम् – by Narayanan N,"संस्कृतदिनाचरणस्तवम्।
Narayanan N
     1.  मुनिवरपोषित चित्तविकार समुज्वल सद्गुण रामकथाम्
       प्रणवमहत्व विधातृ जगत्पति शङ्करभासित कल्पलताम्
       सुमततिशोभित सत्वसनातन दिव्यकथामृत लोकहितम्
       जय जय भारतकीर्तिविराजित सर्गविचारदिनाचरणम्।
2. गुणमहिमोदय वेदपुराणसरित्पतिविस्तृत तोयनिभम्
सकलमुनीश्वर कीर्तनवन्दित श्रेष्ठकथार्जित भासयुतम्
नतिनिभृतानन पार्षदयूथ समञ्चसघोषविधानतलम्
जय जय वेदविहायसि विश्रुतमन्त्रपवित्रदिनाचरणम्।
  3.    बहुजनचर्चित कीर्तिलताखिल चारुचतुष्पदनाभभृतम्
      निखिलतलानृतपापविमोचनकाव्यसुधामल शक्तियुते
      द्विजवरचर्वितजालमृदुस्वन धातृसुताक्षरधन्यव्रते
      जय जय शङ्कर डम्बरवादन नादचतुर्दशसूत्रयुते।
4. अखिलतपोबल सिद्धिनिबन्धित शास्त्रविशेषविधिप्रचुरे
उपनिषदां व्रततीततिपुष्पित रम्यमनोहरकान्तियुते
मुनिवरमुख्यतपस्थितसंगत युक्तिविचारविशेषतमम्
जय जय सत्ययुगेषु प्रचालित संस्कृतियुक्तदिनाचरणम्।
5.      वररुचिवार्तिकभाष्यपतञ्जलि पाणिनिसूत्रविशेषधृतम्
     नटनकलालय नाट्यविशेष मनोहर विस्तृत शास्त्रभृतम्
     गदशमनप्रतिपादित वेदसकुङ्कुम चित्रकफालतलम्
     जय जय पुष्कलसाहितिनिर्भर ग्रन्थसमेतदिनाचरणम्।
6. सहितमनस्सुख शान्तिसमुत्थित योगविशेषण कामदुगा–
अतिवरसंबहुवेगचतुष्क्रिय पूरित बन्धुर शास्त्रमतम्
कवनरसप्रतिपादितलक्षण कारिकया परिपुष्टधिया
जय जय नित्यं प्रतिधैर्विषयैः सूरिभिः घुषितदिनाचरणम्।
  7.    गुणगणकर्मसु बद्धविकस्वर पूरितबन्धित काव्ययुते
      शमयम मोक्षसमुन्नति तारक चिन्तित संगत ध्यानरते
      प्रतिदिनराग गभस्तिभिरुत्थित सर्वचलत्पदशक्तियुते
     जय जय सस्यवितानित कोमल सूक्ष्मपरिस्थितिरैक्यदिनम्।
8. धनुगुणबन्धित बाणनियुक्त विदारणसैन्य विजेतृपथाम्
वरुणविभेदक पाशुपतस्थित पन्नग गारुड ब्रह्मयुतम्
मनुजमनोभव धारणपोषित आणवनाशकतुल्यबलम्
जय जय बुद्धिविशेष समार्जित शेषिविधान दिनाचरमम्।
9.     शृणु शृणु मास्मर चित्तसमाधि विशेषतपोमय सिद्धवरम्
     वद वद ललित सम्मिलितोदय सुक्ष्मतलस्थित बोधगिरा
     पठतु सदा निजशक्तिनिबन्धित भारतकाव्य विशिष्टसुधाम्
     जय जय मंगलसूक्तिविराजित राज्यपवित्र दिनाचरणम्।
10. जनहितसम्मतिदान समुज्वलशासनशोभित राष्ट्रहिते
गुणगण चूषण मर्द्दन पीडन मुक्तिविधान व्यवस्थितये
समतुलितैकमनस्थितिपूरित नीतिसुतार्यपदस्थितये
जय जय लोकहिताय विशिष्ट वनान्तर सम्पद्सुखमिलिते।"
https://navavani.org.in/wp/archives/15971,कविता -by Sri. Narayanan N,
https://navavani.org.in/wp/archives/15826,।। अमरभारतीस्तोत्रम् ।। – Sankaranarayanan Kodakara,"।। अमरभारतीस्तोत्रम् ।।
ललितवाग्युता काव्यभूषिता सरसकोमला तत्वबोधिका।
जयतु सर्वदा वेदभूषिता अमरभारती भारते चिरम्।। 1
कविकुलेश्वराराधिता तथा यतिपतीश्वरेनार्चिता सदा ।
लसतु भूतले शास्त्रसंयुता चिरपुरातनी देवभारती।। 2
विविधनाटकैर्गीतिभिर्युता सुकृतवाहिनी वाङ्विमोहिनी ।
जयतु सर्वदा देववन्दिता अमरभारती भूतले चिरम् ।। 3
सकलमोहनम् संस्कृतस्वनम् हितविधायकम् नीतिदायकम् ।
जयतु सर्वदा कर्मशर्मदम् शरणदायकम् भूतले चिरम् ।। 4
मम तु भाषणं संस्कृतं पदम् मम तु पूजनं संस्कृतं सदा ।
मम तु लेखनं दर्शनं तथा मम हि जीवनं संस्कृताय वै।। 5
जनपदे वने पत्तने गृहे लसतु संस्कृतदीपिका सदा ।
अमरभारतीज्ञानदीपनात् भवतु संस्कृताः मानवाः चिरम् ।। 6
( समर्पणम् )
अयि मनोहरे संस्कृताम्बिके तव पदाम्बुजम् अर्चयाम्यहम् ।
तव कृपावशात्काव्यकर्मणि भवतु मे शिवं शं च सन्ततम् ।।
शङ्करनारायणः, कोटकरा
दूरवाणी – 9744780455"
https://navavani.org.in/wp/archives/15794,संस्कृतं नमाम्यहम् – संस्कृतदिनगीतम्।,"।।संस्कृतं नमाम्यहम् ॥
 
संस्कृतं पठाम्यहं संस्कृतं वदाम्य हम् ।
संस्कृतप्रचारणे तत्परो भवाम्यहम् ॥
सर्वलोकविश्रुतं संस्कृतं भजाम्य हम् ।
सज्जनैश्च सेवितं संस्कृतं नमाम्यहम् ॥
काव्यपुष्टकोमलं शास्त्रतत्व सेवितम्
पावनेषु पावनं संस्कृतं भजाम्यहम् ॥
सर्वलोकविश्रुतं संस्कृतं प्रपाठय
सर्वमङ्गलाय मे संस्कृतं समर्थकम् ॥
प्राणवायुसम्मितं संस्कृताय सेव नम् ।
सर्वलोकरक्षणं संस्कृतव्रतं महत् ।
संस्कृताय सेवनं सत्वगुणवर्धकम्
नित्यसौख्यहेतुकं जीवनाय साधकम् ॥
सर्वपुण्यसागरं सर्वकर्मबोधकम्
सर्वथा हितं परं तं भजे सनातनम् ॥
संस्कृते रतिर्मम भक्ति२स्त्य चञ्चला
सिद्धिरस्तु मे सदा भारति ! गुणात्मिके !
संस्कृतेन भाषणे संस्कृतस्य रक्षणे
संस्कृताय चार्पणे सेवको भवाम्यहम् ॥
संस्कृतं प्रसारय संस्कृतं प्रसाधय
संस्कृतस्य संस्कृतिं सर्वदा नुशीलय ॥
विजयन् वि. पट्टाम्बि।"
https://navavani.org.in/wp/archives/14357,VICTERS: STD-10: ONLINE CLASSES,STD: 10  – FIRST BELL ONLINE CLASSES
https://navavani.org.in/wp/archives/15690,कविता – विजयन् वि पट्टाम्पि,"भारतं महीयते…….
भारतं महीयते सत्यधर्म संभृतम्
त्यागशीलमाश्रितं सर्वलोकरक्षकम् । ।
सर्वशास्त्रवर्धकं सर्वसौख्यदायकम् ।
सर्वधर्मपोषकं सर्वदुःखहारकम् ।
शान्तिगीतिपाठकं सर्वदोषनाश कम्
सत्वशुद्धिवर्धकं सर्वलोक वन्दितम् ॥
याज्ञवल्क्यसम्मितैःराष्ट्रधर्म पालकै :
नीतिशास्त्रबोधनं जीवनाय स्वीकृतम् । ।
भारताख्यकाव्यदीपशोभितं मही तलम् ।
योगशास्त्रदत्तसौख्यसभृतं हि भारतम् ॥
भ्रातृभावसूचकम् वीरकर्मदर्श कम् ।
भावये च भारतं पावनं सनातनम् ॥
सत्यदीपमाश्रितं सज्जनैश्च पूरित म् ।
तं नमामि मामकं जन्गभूमि भारतम् ॥"
https://navavani.org.in/wp/archives/15451,പ്രവേശനോത്സവഗാനം – വിജയൻ വി. പട്ടാമ്പി,"പുതുവർഷ ഗീതം
നാനാവർണത്തുമ്പികളേ!
നാടിന്നരുമകളേ!
ഉണരൂ വേഗം! ചിറകു വിടർത്താം
പറന്നുയർന്നീടാം !!
ഒന്നിച്ചീടാം !
ഒത്തുകളിക്കാം
ഒത്തു പഠിച്ചീടാം !!
അറിവിൻ മുത്തുകൾ
വാരിയെടുക്കാം ! മാലയൊരുക്കീടാം !!
നല്ലൊരു നാളിങ്ങണയും വേഗം
നന്മകൾ പൂത്തുലയും !!
കൂട്ടരുമായ് ചെറു യാത്രകൾ പോകാ- മാർത്തു രസിച്ചീടാം !!
വിരലിൻ തുമ്പാൽ വിജ്ഞാനക്കതിർ
കൊയ്തുമെതിച്ചീടാം !
വിജയം നേടാം വിശ്വമിതാകെ
കണ്ടു പഠിച്ചീടാം !!
പഠനത്തിൻ പുതു വർഷം . നമ്മേ
മാടി വിളിക്കുന്നു !
ഗുരുവിൻ തേൻമൊഴി മുത്തുകൾ കാതിൽ
സ്നേഹമുണർത്തുന്നു !!
അറിവിൻ കോട്ടകളോ രോന്നായ് നാം
പട്ടുത്തുയർത്തിടാം !!
നിറവായ് നാടിനു നന്മകൾ നേടാൻ വിയർപ്പൊഴുക്കീടാം !!
( വിജയൻ വി പട്ടാമ്പി )"
https://navavani.org.in/wp/archives/15359,വാസുദേവാഷ്ടകം – വിജയൻ വി. പട്ടാമ്പി,"മഹാഋഷി സമൻ ശ്രേഷ്ഠൻ
വാസുദേവാഖ്യസദ്ഗുരു.
ശാസ്ത്രതത്ത്വാർത്ഥ സമ്പന്നൻ  ഗുരുക്കൾക്കു ഗുരുവായവൻ !
അനന്തപുരിയിലെ ചാരു –
ശ്രീകണ്ഠേശ്വര മന്ദിരം
അതിന്നരികിലാണല്ലോ
ഗുരുവിൻ പുണ്യ ഗേഹവും!
ആരാലും വന്ദിതൻ ധന്യ –
നാരെയും ശിഷ്യനാക്കുവോൻ !
ബൃഹസ്പതി സമൻ പാർത്താൽ
കാരുണ്യക്കടലായവൻ !
സരസം കാവ്യഭാഗങ്ങൾ
ചേർത്തു ചാലിച്ചെടുത്തൊരാ
സൂത്രാർഥമിന്ദ്രജാലം പോൽ
നർത്തനം ചെയ്തു ജിഹ്വയിൽ !
വാക്കതിൽ വന്നുദിച്ചീടു
മർത്ഥത്തോടൊപ്പ മേതിലും !
വിനയം സ്നേഹ സൗശീല്യ-
സമഭാവത്വ നന്മകൾ !
 
തോറ്റിടാം ചെറു കാറ്റേൽക്കേ
തിരതല്ലുന്ന സാഗരം!
ചിത്തത്തോടെതിരേറ്റീടിൽ
സാക്ഷ്യം പലരുണ്ടു കേൾ !
മഹാനിദ്രയണഞ്ഞിപ്പോൾ
ശിഷ്യർന്മാരനാധരായ് !
കാലത്തിൻ ഗതിയാണല്ലോ
തടയാനെളുതല്ല കേൾ !
പരമാത്മപദം പൂകും
പരമാനന്ദ ജീവനെ
സാദരം സഭയം നിത്യം
മനതാരിലിരുത്തി ഞാൻ !
(വാസുദേവൻ പോറ്റി സാറിന്നായി നീറുന്ന ഹൃദയത്തോടെ )"
https://navavani.org.in/wp/archives/14995,कविता – विजयन् वि पट्टाम्पि।,"भारतं महनीयम्
— – – – – – – – ———-
भारतं जनायत्तं महनीयं महीतलं
महता प्रयासेन देशिकैः समुद्धृतम् । । ।
शतञ्च तत: पुनस्त्रिंशत्कोटिमिताः
जनाश्च निवसन्ति विभिन्नधर्माश्रयाः । ।
गङ्गया यमुनया पुण्यनिलया कावेर्या च
सन्ततं कलगीतैराशंसा: समार्चिताः ॥
हिमवान्महीधरो भारतसंरक्षक –
श्चोन्नतशिरा भूत्वा उत्तरे विराजते ॥
बलवान् शत्रून् सर्वानुत्तरान् महावीर्यान्
वारणं कृत्वा नित्यं भारतमसेवत ॥
धावयन्त्यो नित्यं पादारविन्दौ भक्त्या
सिन्धुवीचयो हन्त ! देशो∫यं पर्यलालयन् ॥
सागरतीरेष्वेव भारतदेशस्यास्य
वाणिज्यं वृद्धिमाप सुस्थिरं निराश्रयम् ॥
सज्जनो महात्मानः बहवो कृतयत्नाः
जीवनं धन्यं कृत्वा राजन्ते सुरलोके ॥
शङ्करो महागुरुरद्वैतमन्त्रान् कृत्वा
किङ्करानकरोत् स लोकान् धर्माश्रयान् ॥
सत्यमेवात्र नित्यं विजयतेतरामिति
उत्तममुच्चैस्तरं धोषयद्राष्ट्रं चैतत् ॥
ऋषयो बहवश्चासन् धर्मस्य संरक्षकाः
शौनक व्यास शुक गौतम पराशराः ॥
संस्कृतं दिव्यामृतं सज्जनै : संसेवितं
तद्भाषाप्रथितं तद्भारतमहापुण्यम् । .
दीपयन्महीतलं काव्यैश्च शास्त्रादिभिः
शोभते सुभाषितैराचन्द्रतारं देशे ।
भारतमितिहासं महत्तमं पाराशर्यं
सपादलक्षात्मकश्लोकैरलङ्कृतम् ॥
उपदेशसहस्रैस्तदनुदिनं राष्ट्रस्यास्य
जीवनमार्गेष्वद्य बहुभ्यो दीपायते ॥
सुखिनो भवन्तु जनाः देशे∫स्मिन्नहर्निशं
आमयान् विना सर्वे मोदन्तामनारतम् ॥
                                              विजयन् वि पट्टाम्पि"
https://navavani.org.in/wp/archives/2489,ലക്ഷണസഹിതം മലയാള – സംസ്കൃത വൃത്തങ്ങള്‍ – വിഹഗാവലോകനം – Sankaranarayanan,"ലക്ഷണസഹിതം മലയാള – സംസ്കൃത വൃത്തങ്ങള്‍ – വിഹഗാവലോകനം
–ശങ്കര്‍ജി കൊടകര
വൃത്തം എന്നാല്‍ എന്താണ് ?
പദ്യം വാര്‍ക്കുന്ന തോതല്ലോ
വൃത്തമെന്നിഹ ചൊല്‍വത്
ഹ്രസ്വാക്ഷരത്തെ ലഘു എന്നും ദീര്‍ഘാക്ഷരത്തെ ഗുരു എന്നും വൃത്തശാസ്ത്രത്തില്‍വ്യവഹരിക്കുന്നു .അതനുസരിച്ച് മൂന്നക്ഷരങ്ങള്‍ ചേര്‍ന്ന് ഒരു ഗണം എന്ന് കണക്കാക്കിയാണ് വൃത്തം നിര്‍ണ്ണയിക്കുന്നത്
ഗണം ഗണിക്കേണ്ടും പ്രകാരം
ആദിമദ്ധ്യാന്ത്യ വര്‍ണ്ണങ്ങള്‍
ലഘുക്കള്‍ യരതങ്ങളില്‍
ഗുരുക്കള്‍ ഭജസങ്ങള്‍ക്കു
ഗലങ്ങള്‍ മനമാത്രമാം
ലഘുവിനെ Uചിഹ്നം കൊണ്ടും
ഗുരുവിനെ _ ചിഹ്നം കൊണ്ടും സൂചിപ്പിക്കുന്നു
ഗുരുലഘുവിന്യാസക്രമം
ഗണത്തിന്റെ പേര്
ഉദാഹരണം


ആദിലഘു
യഗണം
സലീലം


മദ്ധ്യലഘു
രഗണം
രാഗിണീ


അന്ത്യലഘു
തഗണം
സുരസാ


ആദിഗുരു
ഭഗണം
നീരജ


മദ്ധ്യഗുരു
ജഗണം
രാധികാ


അന്ത്യഗുരു
സഗണം
അനഘാ


സര്‍വ്വഗുരു
മഗണം
പാതാളം


സര്‍വ്വലഘു
നഗണം
വിവശ


ഭാഷാവൃത്തങ്ങളില്‍ ഓരോ വരിയിലും വരുന്ന ലഘു ഗുരു എന്നിവയുടെ എണ്ണം കണക്കാക്കിയാണ് വൃത്തം നിര്‍ണ്ണയിക്കുന്നത് . അവയില്‍ തന്നെ ചിലേടത്ത് ലഘുവിനെ നീട്ടി ചൊല്ലി ഗുരുവാക്കി കണക്കാക്കാം സംസ്കൃതവൃത്തങ്ങളില്‍ ആര്യാ ഗീതി വൈതാളീയം തുടങ്ങിയവയില്‍ ഗുരുലഘുക്കള്‍ ഉച്ചരിക്കുന്ന മാത്ര ( സമയദൈര്‍ഘ്യം) കണക്കാക്കിയാണ് വൃത്തഗണന .
കേക
മൂന്നും രണ്ടും രണ്ടും മൂന്നും
രണ്ടും രണ്ടെന്നെഴുത്തുകൾ
പതിന്നാലിന്നാറു ഗണം
പാദം രണ്ടിലുമൊന്നുപോൽ
ഗുരുവൊന്നെങ്കിലും വേണം
മാറാതോരോ ഗണത്തിലും
നടുക്കു യതി പാദാദി–
പ്പൊരുത്തമിതു കേകയാം.
(ഉദാ – രാമായണം കിളിപ്പാട്ട് ബാലകാണ്ഡം ആരണ്യകാണ്ഡം യുദ്ധകാണ്ഡം)
മഞ്ജരി
ശ്ളഥകാകളി വൃത്തത്തില്‍
രണ്ടാം പദത്തില്‍ അന്ത്യമായ്
രണ്ടക്ഷരം കുറഞ്ഞീടി–
ലതു മഞ്ജരിയായിടും
(ഉദാഹരണം – കൃഷ്ണഗാഥ )
കാകളി
` മാത്രയഞ്ചക്ഷരം മൂന്നില്‍
വരുന്നോരു ഗണങ്ങളെ
എട്ടു ചേര്‍ത്തുള്ളീരടിക്കു
ചൊല്ലാം കാകളിയെന്നു പേര്‍
(ഉദാഹരണം –രാമായണം കിളിപ്പാട്ട് അയോദ്ധ്യാ കാണ്ഡം കിഷ്കിന്ധാകാണ്ഡം
കളകാഞ്ചി
കാകളിക്കാദ്യപാദാദൗ
രണ്ടോ മൂന്നോ ഗണങ്ങളെ
ഐയഞ്ചു ലഘുവാക്കീടി–
ലുളവാം കളകാഞ്ചികേൾ.
(ഉദാഹരണം –രാമായണം കിളിപ്പാട്ട് സുന്ദരകാണ്ഡം)
മണികാഞ്ചി
കാകളിക്കുള്ള പാദങ്ങൾ
രണ്ടിലും പിന്നെയാദിമം
ഗണം മാത്രം ലഘുമയ–
മായാലോ മണികാഞ്ചിയാം..
മിശ്രകാകളി
ഇച്ഛപോലെ ചിലേടത്തു
ലഘുപ്രായഗണങ്ങളെ
ചേർത്തും കാകളി ചെയ്‌തിടാ–
മതിൻപേർ മിശ്രകാകളി.
ഊന കാകളി
രണ്ടാം പാദാവസാനത്തിൽ
വരുന്നോരു ഗണത്തിനു
വർണമൊന്നു കുറഞ്ഞീടി–
ലൂനകാകളിയാമത്‌.
അന്നനട
ലഘുപൂർവം ഗുരു പര–
മീമട്ടിൽ ദ്വ്യ‍ക്ഷരംഗണം
ആറെണ്ണം മര്‍ദ്ധ്യയതിയാ
ലർദ്ധിതം, മുറിരണ്ടിലും
ആരംഭേ നിയമം നിത്യ–
മിതന്നനടയെന്ന ശീൽ.
( ഉദാഹരണം – മഹാഭാരതം കിളിപ്പാട്ട്കര്‍ണ്ണപര്‍വ്വം)
നതോന്നത (വഞ്ചിപ്പാട്ടുവൃത്തമെന്നു പ്രസിദ്ധം)
ഗണം ദ്വ്യക്ഷരമെട്ടെണ്ണം
ഒന്നാം പാദത്തില്‍ മറ്റതില്‍
ഗണമാറര നില്‍ക്കേണം
രണ്ടുമെട്ടാമതക്ഷരേ
ഗുരു തന്നെയെഴുത്തല്ല–
യിശ്ശീലിന്‍ പേര്‍ നതോന്നത
(ഉദാഹരണം – രാമപുരത്തു വാരിയരുടെ കുചേലവൃത്തം വഞ്ചിപ്പാട്ട്)
ദ്രുത കാകളി
രണ്ടു പാദത്തിലും പിന്നെ–
യന്ത്യമായ ഗണത്തിന്‌
വർണമൊന്നു കുറഞ്ഞെന്നാൽ
ദ്രുതകാകളി കീർത്തനെ.
തരംഗിണി. ( തുള്ളല്‍ കൃതികളിലെ മുഖ്യമായ വൃത്തം)
ദ്വിമാത്രം ഗണമെട്ടെണ്ണം
യതിമദ്ധ്യം തരംഗിണി.
(കുഞ്ചന്‍ നമ്പിയാരുടെ കൃതികള്‍)
അർദ്ധകേക
കേകാപാദത്തെയർദ്ധിച്ചാ–
ലർദ്ധകേകയതായിടും
ഊനതരംഗിണി
രണ്ടാം പാദേ ഗണം രണ്ടു
കുറഞ്ഞൂനതരംഗിണി
അജഗരഗമനം
ലഘുപ്രായം ചതുർമ്മാത്രം
ഗണമാറൊരു ദീർഘവും
ചേർന്നു വന്നാലജഗര–
ഗമനാഭിധവൃത്തമാം
കുലേന്ദുവദനാ
ഇഹേന്ദുവദനാവൃത്തേ
മാത്രയ്ക്കൊത്തു ലഘുക്കളെ–
ഇടവിട്ടു ഗുരുസ്ഥാനേ
ചെയ്‌തിട്ടു ലഘുവൊന്നഥ
ഒടുവിൽ ചേർത്തതാം വൃത്തം
കുലേന്ദുവദനാഭിധം
സര്‍പ്പിണി
ദ്വ്യ‍ക്ഷരം ഗണമൊന്നാദ്യം
ത്ര്യക്ഷരം മൂന്നതിൽപരം
ഗണങ്ങൾക്കാദിഗുരുവാം
വേറൊന്നും ത്ര്യക്ഷരങ്ങളിൽ
മറ്റേതും സർവഗുരുവായ്‌
വരാം കേളിതു സർപ്പിണീ.

കല്യാണി
കല്യാണി തഗണം മൂന്നു
ഗുരു രണ്ടോടുചേരുകിൽ
സംസ്കൃത വൃത്തങ്ങള്‍
സംസ്കൃത വൃത്തങ്ങള്‍ മൂന്നു തരം
സമവൃത്തം – നാലു പാദങ്ങളിലും തുല്യ എണ്ണം അക്ഷരങ്ങള്‍
അര്‍ദ്ധസമവൃത്തം – ഒന്നും മൂന്നും തുല്യ എണ്ണം അക്ഷരങ്ങള്‍ റണ്ടും നാലും അതുപോലെ തന്നെ
വിഷമവൃത്തം – നാലു പാദങ്ങളിലും അക്ഷരസംഖ്യ വിഭിന്നമായിവരുന്ന വൃത്തങ്ങള്‍ എട്ടക്ഷരം മുതല്‍ ഇരുപത്തി ആറു അക്ഷരം വരെയുള്ളവയെ വൃത്തം എന്നും അതിനു മുകളിലുള്ളവയെ ദണ്ഡകം എന്നും പറയുന്നു.
ഇന്ദ്രവജ്രാ (इन्द्रवज्रा)
കേളിന്ദ്രവജ്രക്കു തതം ജഗംഗം ഗണവ്യവസ്ഥ – തതജ ഗുരു ഗുരു
स्यादिन्द्रवज्रा यदि तौ जगौगः
ഉപേന്ദ്രവജ്രാ (उपेन्द्रवज्रा)
ഉപേന്ദ്രവജ്രക്കു ജതം ജഗംഗം ഗണവ്യവസ്ഥ – ജതജ ഗുരു ഗുരു
उपेन्द्रवज्रा जतजास्तगौगः
ഉപജാതി (उपजातिः)
അഥേന്ദ്രവജ്രാഘ്രിയുപേന്ദ്രവജ്രാ
കലര്‍ന്നു വന്നാലുപജാതിയാകും
अनन्रोदीरितलक्ष्मभाजौ पादौ यदीयादुपजातयस्तः
ദ്രുതവിളംബിതം (द्रुतविलंम्बितम्)
ദ്രുതവിളംബിതമാം നഭവും ഭരം ഗണവ്യവസ്ഥ – നഭഭര
द्रुतविलम्बितमाह नभौ भरौ।
രഥോദ്ധത (रथोद्धता)
രന്നരങ്ങള്‍ ലഗവും രഥോദ്ധതാ ഗണവ്യവസ്ഥ –ര ന ര ലഘു ഗുരു
रन्नराविह रथोद्धता लगो
വംശസ്ഥം ( वंशस्थम्)
`ജതങ്ങള്‍ വംശസ്ഥമതാം ജരങ്ങളും ഗണവ്യവസ്ഥ– ജതജര
जतौ तु वंशस्थमुदीरितं जरौ।
മഞ്ജുഭാഷിണി (मञ्जुभाषिणी)
സജസംകഴിഞ്ഞു ജഗം മഞ്ജുഭാഷിണി ഗണവ്യവസ്ഥ – സ ജ സ ജ ഗുരു
सजसा जगौ भवति मञ्जुभाषिणी।
വസന്തതിലകം (वसन्ततिलका)
ചൊല്ലാം വസന്തതിലകം തഭജം ജഗംഗം ഗണവ്യവസ്ഥ ത ഭ ജ ജ ഗുരുഗുരു
उक्ता वसन्ततिलका तभजौजगौगः।
സ്വാഗതാ (स्वागता)
സ്വാഗതക്കു രനഭം ഗുരുയുഗ്മം ഗണവ്യവസ്ഥ – രനഭ ഗുരു ഗുരു
स्वागतेति रनभात् गुरुयुग्मम्।
പഞ്ച ചാമരം (पञ्चचामरम्)
ജരം ജരം ജഗം നിരന്നു പഞ്ച ചാമരം വരും ഗണവ്യവസ്ഥ – ജ ര ജ ര ജ ഗുരു
जरौ जरौ जगाविदं वदन्ति पञ्चचामरं ।
മാലിനി (मालिनी)
നനമയയുഗമെട്ടില്‍ തട്ടണം മാലിനിക്ക് ഗണവ്യവസ്ഥ – ന ന മ യ യ യ
ननमयययुतेयं मालिनी भोगिलोकैः। यति – (യതി) – 7 8 അക്ഷരങ്ങളില്‍
ശിഖരിണി (शिखरिणी)
യതിക്കാറില്‍ തട്ടും യമനസഭലംഗം ശിഖരിണി ഗണവ്യവസ്ഥ – യമനസഭ ലഘു ഗുരു
रसैःरुद्रैश्छिन्ना यमनसभलागः शिखरिणी। यति – (യതി) –6 11അക്ഷരങ്ങളില്‍
മന്ദാക്രാന്താ (मन्दाक्रान्ता) (സന്ദേശവൃത്തം എന്ന് പ്രസിദ്ധി)
മന്ദാക്രാന്താ മഭനതതഗം നാലുമാരറേഴുമായ്ഗം ഗണവ്യവസ്ഥ – മ ഭ ന ത ത ഗുരു ഗുരു
मन्दाक्रान्ता जलधिषडकैर्भौभनौ ताद्गुरू चेत्। यति – (യതി) – 4 6 അക്ഷരങ്ങളില്‍
ശാര്ദ്ദൂല വിക്രീഡിതം (शार्दूलविक्रीडितम्)
പന്ത്രണ്ടാല്‍ മസജം സതംത ഗുരുവും ശാര്ദ്ദൂലവിക്രീഡിതം
ഗണവ്യവസ്ഥ – മ സ ജ സ ത ത ഗുരു
सूर्याशवैर्मसजस्ततः सगुरवः शार्दूलविक्रीडितम्। यति – (യതി) – 12 ല്‍
സ്രഗ്ദ് ധരാ (स्रग्धरा)
ഏഴേഴായ് മൂന്നു ഖണ്ഡം മരഭനയയയം സ്രഗ്ദ് ധരാ വൃത്തമാകും
ഗണവ്യവസ്ഥ – മ ര ഭ ന യ യ യ
म्रभ्नर्याणां त्रयेण त्रिमुनियतियुता स्रग्धरा कीर्तितेयम्। यति – (യതി) – 7 14 അക്ഷരങ്ങളില്‍
കുസുമമഞ്ജരീ (कुसुममञ्जरी)
രം നരം നരനരം നിരന്നുവരുമെങ്കിലോ കുസുമമഞ്ജരി
रात्परौ नरनरौ क्रमात्भवति चेद्धि सा कुसुममञ्जरी ।
ഗണവ്യവസ്ഥ – ര ന ര ന ന ര ന ര
യതി – ദീര്‍ഘവൃത്തങ്ങളുടെ ആലാപനസൗകര്യത്തിനായി കല്പിക്കപ്പെട്ട താല്‍ക്കാലികമായുള്ള വിരാമസ്ഥാനം.
അര്‍ദ്ധസമവൃത്തങ്ങള്‍
ഈ വിഭാഗത്തിലെ വൃത്തലക്ഷണങ്ങളിലെ സമം എന്നതുകൊണ്ട് ഒന്ന് മൂന്ന് എന്നീ പാദങ്ങളേയും വിഷമം എന്നതുകൊണ്ട് രണ്ട് നാല് എന്നീ പാദങ്ങളേയുമാണ് ഉദ്ദേശിക്കുന്നത്
പുഷ്പിതാഗ്ര
നനരയവിഷമത്തിലും സമത്തില്‍
പുനരിഹ നം ജജരംഗ പുഷ്പിതാഗ്ര
अयुजि नयुगरेफतो यकारो
युजि च ननौ जरगश्च पुष्पिताग्रा।
ഗണവ്യവസ്ഥ – സമപാദങ്ങളില്‍ – ന ന ര യ ( 1&3)
വിഷമപാദങ്ങളില്‍ – ന ജ ജ ര ഗുരു (2&4)
വിയോഗിനീ (വിരഹവര്‍ണ്ണനയ്ക്ക് പ്രസിദ്ധി രഘുവംശത്തിലെ അജവിലാപം കുമാരസംഭവത്തിലെ രതിവിലാപം കുമാരനാശാന്റെ ചിന്താവിഷ്ടയായ സീത എന്നിവ വിയോഗിനീ വൃത്തത്തില്‍ രചിക്കപ്പെട്ടവയാണ്)
സസജം വിഷമത്തിലും സമത്തില്‍
സഭരം ലം ഗുരുവും വിയോഗിനി
विषमे ससजाः गुरू समे
सभराल्लोथ गुरुर्वियोगिनी।
ഗണവ്യവസ്ഥ – സമപാദങ്ങളില്‍ –സ സ ജ ( 1&3)
വിഷമപാദങ്ങളില്‍ – സ ഭ ര ലഘു ഗുരു (2&4)
N B :- വിഷമവൃത്തങ്ങള്‍ കാവ്യങ്ങളില്‍ പ്രസിദ്ധമല്ലാത്തതുകോണ്ടും ഉദാഹരണങ്ങള്‍ വിരളമായതുകൊണ്ടും ഇവിടെ പ്രതിപാദിക്കുന്നില്ല
Additional Questions and Answers
1വൃത്തശാസ്ത്രത്തിന്റെ അപരനാമം – ഛന്ദശ്ശാസ്ത്രം
2 ഛന്ദശ്ശാസ്ത്രത്തിന്റെ ഉപജ്ഞാതാവ് – പിംഗളന്‍
3ഛന്ദശ്ശാസ്ത്രത്തെ വേദപുരുഷന്റെ ഏതവയവമായാണ് കല്‍പിക്കപ്പെട്ടിരിക്കുന്നത് – പാദം
4വൃത്തരത്നാകരം എന്ന സംസ്കൃത ഗ്രന്ഥം രചിച്ചത് ആര് – കേദാരഭട്ടന്‍
5കാളിദാസ പ്രണീതമായ വൃത്തശാസ്ത്രഗ്രന്ഥം – ശ്രുതബോധം
6വൃത്തമഞ്ജരി എന്ന മലയാളവൃത്തശാസ്ത്രഗ്രന്ഥം രചിച്ചത് ആര് – എ ആര്‍ രാജരാജവര്‍മ്മ
7കാന്തവൃത്തം എന്ന വൃത്തശാസ്ത്രഗ്രന്ഥം രചിച്ചത് ആര് – കൊടുങ്ങല്ലൂര്‍ കൊച്ചുണ്ണിത്തമ്പുരാന്‍
8 ഛന്ദസ്സുകള്‍ എത്ര എണ്ണം – ഇരുപത്തിയാറ്
9 കുമാരനാശാന്റെ കരുണയിലെ വൃത്തം – നതോന്നത
10 വീണപ്പൂവ് എതു വൃത്തത്തില്‍ രചിക്കപ്പെട്ടതാണ് – വസന്തതിലകത്തില്‍ (കരുണരസമാണെങ്കിലും)
11വൃത്തശില്പം എന്ന ഗ്രന്ഥംരചിച്ചത് ആര് – കുട്ടികൃഷ്ണമാരാര്‍
മലയാളകൃതികള്‍ വൃത്തങ്ങള്‍
൧ ബന്ധനസ്ഥനായ അനിരുദ്ധന്‍ വസന്തതിലകം
൨ നളിനി രഥോദ്ധത
൩ ലീല പുഷ്പിതാഗ്ര
൪ കര്‍ണ്ണഭൂഷണം മഞ്ജരി
൫ മയൂരസന്ദേശം മന്ദാക്രാന്താ
൬ എന്റെ ഗുരുനാഥന്‍ കേക
൭ ആത്മാവില്‍ ഒരുചിത കാകളി
൮ മാമ്പഴം കേക
൯ മഗ്ദലനമറിയം മാകന്ദമഞ്ജരി
൧൦ മാനസാന്തരം വിയോഗിനി
൧൧ നാരായണീയം – രാസക്രീഡ കുസുമമഞ്ജരി
൧൨ ഭാഗവതം ഗോപികാഗീതം സ്രഗ്വിണീ
൧൩ ഹരിവരാസനം സമ്മതാ
൧൪ നാരായണീയം – പൂതനാമോക്ഷം ദ്രുതവിളംബിതം
വൃത്തം
മലയാളലക്ഷണം
സംസ്കൃതലക്ഷണം
ഗണവ്യവസ്ഥ
തോടകം
तोटकम्
സഗണം കില നാലിഹ തോടകമാം
वदतोटकमब्धिसकारयुतम्
സ സ സ സ
ദോധകം
दोधकम्
മൂന്നു ഭ രണ്ടു ഗ ദോധകവൃത്തം
दोधकवृत्तमिदं भभभाद्गौ
ഭ ഭ ഭ ഗുരു
പൃഥ്വീ
पृथ्वी
ജസം ജസലയങ്ങളും ഗുരുവുമെട്ടിനാല്‍ പ്രഥ്വിയാം
जसौजसलया वसुग्रहयतिश्च पृथ्वी गुरु
ജ സ ജ സ യ ലഘു ഗുരു
ഹരിണീ
हरिणी
നസമഹരിണിക്കാദ്യം പത്തും മുറിഞ്ഞു തസം ലഗം
ന സ മ ത സ
ലഘു ഗുരു
സ്രഗ്വിണീ
स्रग्विणी
നാലു രേഫങ്ങളാല്‍ സ്രഗ്വിണീ
വൃത്തമാം
रैश्चतुर्भिर्युता स्रग्विणी कीर्तिता
ര ര ര ര
ഭുജംഗപ്രയാതം
भुजङ्गप्रयातम्
യകാരങ്ങള്‍ നാലോ
ഭുജംഗപ്രയാതം
भुजङ्गप्रयातं भवेद्यैश्चतुर्भिः
യ യ യ യ
ഇന്ദുവദന
इन्दुवदना
ഇന്ദുവദനക്കു ഭജസം ന ഗുരു രണ്ടും
ഭ ജ സ ന ഗുരു
മത്തേഭം
मत्तेभम्
മത്തേഭസംജ്ഞമിഹ വൃത്തം ധരിക്ക
തഭയത്തോടു ജം സരനഗം
व दृश्यते
ത ഭ യ ജ സ ര ന ഗുരു
വിദ്യുന്മാല
विद्युन्माला
മം മം ഗം ഗം വിദ്യുന്മാല
मो मो गो गो विद्युन्माला
മ മ ഗുരു ഗുരു
ശാലിനീ
शालिनी
शालिन्युक्ता मौ भनौ तौगयुग्मम्
മ ഭ ന ത
ഗുരു ഗുരു
Prepared By –
SANKARANARAYANAN.A
H S S T ( SANSKRIT)
GOVT. SANSKRIT H S S THRIPUNITHURA
Phone 9744780455
E Mail ID sankarjikodakara@gmail.com sankarpurnavedi@gmail.com"
https://navavani.org.in/wp/archives/14928,वर्षमेकं तथागतम् – विजयन् वि. पट्टाम्बि।,"वर्षमेकं तथागतम्।
— — — — – – – – – –
पूर्वेष्वुदयते पश्चा –
दस्तमेति च पश्चिमे ।
दिनरात्रं समे कृत्वा
भाति कालविधायकः ॥ ।
कोरोणाणु संसर्गा –
दाविश्वं दुःखितं बहु ।
जीवितं क्लेशपूर्णं हा
वर्षमेंकं वृथा गतम् ॥ 2
अलब्ध्वा मित्र संसर्ग –
मलब्ध्वा हितभाषणम् ।
तपस्वीव गृहे तिष्ठ –
द्वषमेकं वृथा गत म् ।। 3
मुखानि मुद्रितान्यासन्
स्निग्धानि हसितान्यपि ।
मृतिभयादिव स्तब्धाः
लोकाश्च कम्पिताः भशम् ॥ 4
सुखदं सुन्द२ञ्चापि
लोके किच्चिन्न दृश्यते ।
उत्सवाद्यैर्विहीनं हा !
वर्षमेकं वृथा गतम् ॥ 5
एकविंशति वर्षो / यं
द्वारमागत्य संस्थितः ।
स्वीकुर्मस्तथापि तं
नवं वर्षं समागतम् ॥ 6
विजयन् वि पट्टाम्बि"
https://navavani.org.in/wp/archives/13658,संस्कृतपाठसमीक्षा – Online classes,"STD – 5




CHAPTER – 2



CHAPTER – 3


CHAPTER – 4

STD – 6



CHAPTER – 2



CHAPTER – 3



CHAPTER – 4

STD – 7



CHAPTER – 2



CHAPTER – 3 – CLASS – 1



CHAPTER – 4- CLASS – 1

CHAPTER – 4 – CLASS – 1"
https://navavani.org.in/wp/archives/14440,महात्मजी – श्री मुत्तलपुरं मोहन् दास्।,
https://navavani.org.in/wp/archives/14221,गुरुगीतम्,"रचना – विजयन् वि पट्टाम्बि।
आलापनम् – निरञ्जना पद्मनाभन्।"
https://navavani.org.in/wp/archives/14135,।। नारायणीयमतानुसारं सृष्टिक्रमः।। Sankaranarayanan Anakkara,"।। नारायणीयमतानुसारं सृष्टिक्रमः।।
Sankaranarayanan Anakkara
आमुखम् ।
विचित्रस्वरूपस्य नानाविधचराचरैर्मिलितस्य प्रपञ्चस्यास्य आद्भुतानन्ददं दर्शनं प्राचीनकालादारभ्य मनुष्यचित्ते नैकान् प्रश्नान् संचोदयति स्म । कुतो अस्य सृष्टिः? कस्मात् महतः सकाशात् प्रपञ्चोयं समुत्पन्नः? कस्मिन्नस्य स्थिति ? कथमस्य समुत्पत्तिप्रकारः? कथं वा नाशप्रकारः ? इत्यादीनां नैकेषां प्रश्नानाम् उत्तरं अनिष्यमाणस्य मनुजस्य पुरतः सदा प्रकृतिः अद्भुतावहा एव स्थिता आसीत् । अस्य विविधानुत्तरान् संदृष्टवतां प्राचीनानां नानाविधानि मतानि पश्चात् विविधेषु दर्शनसम्प्रदायेषु नानाविध सृष्टिसङ्कल्पनानं बीजमावपत् ।
वैदिकानि सृष्टिसङ्कल्पनानि ।
1ऋग्वेदे नासदीयसूक्ते तथा 2पुरुषसूक्ते च मुख्यतया सविशदं सृष्टिक्रममधिकृत्य आद्याः कल्पनाः द्रष्टुं शक्यते। अनेकेषु उपनिषत्सु विविधप्रकारैः जगतः सृष्टिं वर्णयति ।3 तस्माद्वा एतस्मादाकाशः सम्भूतः । आकाशाद्वायुः वायोरग्निः । अग्नेरापः। अद्भ्यः पृथिवी । पृथिव्याः ओषधयः। ओषधीभ्यो पुरुषः । इति तैतरीयोपनिषदि । स वा ईक्षां चक्रे । तत्तेजोसृजत। तदपामसृजत। ताः अन्नमसृत । इति छान्देग्ये च । एवं श्वेताश्वतरप्रश्नबृहदारण्यकादिषु उपनिषत्स्वपि नानाप्रकारैः युक्तिभिः दृष्टान्तैश्च प्रपञ्चसृष्टिं वर्णयति। 4गीतायां मायासन्निध्येन ईश्वरः सृष्टिं करोतीति सुव्यक्तं स्थापयति ।दार्शनिकानां विविधाः पन्थानः
सांख्यदर्शनानुसारं प्रकृतेः अचेतनायाः पुरुषसान्निध्यात् जगत्सृजनतां समुपजायते। इश्वरकृष्णस्य सांख्यकारिकायां सृष्टिक्रमः एवं निरूपितः । 5प्रकृतेः महान् ततो अहङ्कारः तस्माद्गणाश्च षोडशकः ।तस्मादपिच षोडशकात् पञ्चभ्य पञ्च भूतानि । योगिनः यद्यपि सांख्यसमय इव प्रकृतिपुरुषसंयोगादेव जगत्सृष्टिरित्यङ्कीकुर्वन्तिस्तथापि ईश्वरस्य प्रेरणां तत्र हेतुं मन्यन्ते। काणादाः परमाणुभ्यो अदृष्टबलात् द्व्यणुकादिदावारा महाप्रपञ्चसृष्टिं मन्वानाः वर्तन्ते। 6शाङ्करास्तु पारमार्थिकसत्तायां निरोधोत्पत्तिर्बद्धमुक्तादिहीनो पंरं ब्रह्म सत्यमित्यङ्कीकुर्वन्तः तथापि मायाप्रतिबिम्बतया सगुणतामेत्य जगत्सृष्टिं विधत्ते इति मन्यन्ते।
सृष्टिक्रमनिरूपणे पुराणानां मतम् ।
सर्गश्च प्रतिसर्गश्च वंशो मन्वन्तराणि च वंशानुचरितं चैव पुराणं पष्चलक्षणम् इति पुराणलक्षणादेव प्रपञ्चसृष्टिनिरूपणं पुराणेषु अवश्यं भवितव्यमिति साम्प्रदायिकमतम्। भागवतपुराणे सांख्यदर्शसदृशः सृष्टिक्रमः सम्यक् प्रतिपादितः। एवं च इतरेष्वपि पुराणेषु स्वस्वमतानुसारं सगुणस्येश्वरस्य इच्छातः मायारूपायाः शक्त्याः प्रपञ्चसृष्टिः इति वर्णयन्ति ।
नारायणीयम् भागवतम् च ।
भागवतपुराणस्य सारसंग्रहः भवति मेल्पुत्तूर् नाराय़णभट्टतिरिणा विरचितं नारायणीयम् । तस्मादेव हेतोः भागवतपुराणानुसारमेव नारायणीये अपि सत्ताविचिन्तनम् सृष्टिक्रमनिरूपणं कथाप्रतिपादनं च च प्रतिपादितम्।
नारायणीयस्य प्रथमदशके यद्यपि निर्गुणस्याद्वैतपरब्रह्मणः निरूपणं कृतम् तथापि द्वितीयदशकादारभ्य सगुणब्रह्मोपसनायाः भक्तेः च माहात्म्यप्रतिपादने कविः सक्तः भवति। तृतीयदशके भक्तेः माहात्म्यं चतुर्थे योगमार्गानुसारं सगुणेश्वरोपासनाविधिं च वर्णयति । पञ्चमे दशके जगत्सृष्टिप्रकारः निरूपितः।
तत्र प्रथमश्लोकेन सृष्टेः प्राक् वर्तमानां प्रलयावस्थां वर्मयति।
व्यक्ताव्यक्तमिदं न किञ्चिदभवत् प्राक् प्राकृतप्रक्षये
मायायां गुणसाम्यरुद्धविकृतौ त्वय्यागतायां लयम्।
नो मृत्युश्च नचामृतं च समभूः नाह्नो न रात्रेः स्थितिः
तत्रैकस्त्वमशिष्यथा किल परानन्दप्रकाशात्मना।
प्राक प्रलयकाले साम्यावस्थानिरुद्दस्वरूपा भगवच्छक्तिस्वरूपा माया भगवति परब्रह्मणि लीना आसीत्।
( मायायाः साम्यावस्थायां लयः वैषम्यावस्थायां प्रपञ्चात्मकेन भावनं इति पौराणिकाः अङ्कीकुर्वन्ति ) । तदानीं स्थूलसूक्ष्मात्मकःअयं प्रपञ्चः नासीत् । तत्तु कारणस्वरूपायां मायायां लीना आसीत्। रात्रिः अहः च नासीत्। न संसारावस्था न वा मोक्षावस्था आसीत् । केवलः सच्चिदानन्दस्वरूपः अद्वैतब्रह्मस्वरूपः एव आसीत्।
द्वितीयेन श्लोकेन कालादितत्वानां परब्रह्मणि एव कारणरणरूपतया अवस्थानमिति स्थापयति
कालः कर्मगुणाश्च भूतनिवहाः विश्वं च कार्यं विभो
चिल्लीलारतिमेयुषि त्वयि तदा निर्लीनतामाययुः।
तेषां नैव वदन्त्यसत्वमयि भो शक्त्यात्मना तिष्ठताम्
नो चेत् किं गगनप्रसूनसदृशां भूयो भवेत् सम्भवः ।
कालतत्त्वं भूतनिवहाः कार्यस्वरूपः अयं प्रपञ्चश्च न तदानीं अत्यन्तासत्वाः आसन्। किन्तु चित्स्वरूपे परब्रह्मणि निर्लीनाः आसन् । गगनप्रसूनससदृशां तेषां भूयः सम्भवः – उत्पत्तिः–कथं स्यादिति अनुमानेन तेषां परब्रह्मणि एव कारणात्मकत्वेन अवस्थानमासीदिति अनुमीयते । नो चेत् किं गगनप्रसूनसदृशां भूयो भवेत् सम्भवः। (४ः२) ।
एतामवस्थां भागवते एवं वर्णयति –
भगवानेक आसेदमग्रे आत्मात्मनांविभुः । आत्मेच्छानुगतावात्मा नानामेत्युपलक्षणः।
स वा एतस्य संद्रष्टुः शक्तिः सदसदात्मिका ।माया नाम महाभाग ययेदं भार्यते विभुः।
कालवृत्या तु मायायां गुणमय्यामधोक्षजः पुरुषेणात्मभूतेन वीर्यमाधत्त वीर्यवान् ।
ततो भवत् महत्तत्वमव्यक्तात् कालचोदितात् । विज्ञानात्मात्मदेहस्थं विश्वं व्यञ्जंस्तमोनुदम्।
( स्कन्धः 3 अध्यायः 5श्लोकाणि 23- 35 )
तृतीयश्लोकादारभ्य सृष्टिप्रक्रियां वर्णयति
एवं च द्विपरार्धकालविगतावीक्षां सिसृक्षात्मिकां
बिभ्राणे त्वयि चुक्षुभे त्रिभुवनीभावाय माया स्वयम्।
मायातः खलु कालशक्तिरखिलां दृष्टं स्वभावोपि च
प्रादुर्भूय गुणान् विधास्य विदधुस्तस्याः सहायक्रियाम्।।
द्विपरार्धे गते भगवति सिसृक्षात्मिकां ईक्षां बिभ्राणे सति माया त्रिभुवनीभावाय स्वयं चुक्षुभे। गुणान् विधास्य निर्माय तस्याः मायायाः सहायक्रियां विदधु च ।
साक्षीति प्रथितः ईश्वरः अप्रविष्टवपुषा मायासन्निहितः सन् नानाप्रकारभेदैः तां प्रतिबिम्बरूपेण प्राविशत् । कालादिश्क्तियुक्तेन तेन चोदिता सा महतत्वाख्यम् बुद्धितत्वमसृजत्। तत्तु सत्वगुणप्राधानिकः निर्विकल्पकबोधस्वरूपः तमोगुणप्राधानिकः अहङ्कारतत्वं सृजति। स तु अहङ्कारतत्वं सत्व रज स्तमोगुणप्राधान्येन वैकारिकः तैजसः तामसः इति संज्ञाभिः त्रिविधावस्थां आपन्नः ।
तस्मात् सात्विकाहङ्कारात् इन्द्राभिमानिनां देवतानां सृष्टिं व्यातनोत्। तथा च अन्तःकरणम् । राजसाहङ्कारात् (तैजसात्) दशेन्दियगणाः तामसाहङ्कारात् आकाशस्य सूक्षतन्मात्रायाः सृष्टिश्च समजायत। शब्दात्मक सूक्ष्मरूपात् आकाशात् स्थूलाकाशः तस्मात् स्पर्शात्मकः सूक्ष्मरूपो वायुः ततो स्थूलरूपो वायुः । तस्मात् तेजः । ततो अपां सृष्टिः । ततो पृथिवी । एवं आद्याद्यकर्मान्वितं भूतसमूहमिदं ससर्जेति चतुर्थे दशके वर्णयति।
नारायणीयप्रोक्ते सृष्टिक्रमे औपनिषदकल्पनायाः प्रभावः ।
जगतः सृष्टेः प्रागवस्थाविचिन्तनं इदं प्रथमतया ऋग्वेदे नासदीयसूक्ते एव पश्यति। सा कल्पना भागवते नारायणीये च प्राक्प्रलयावस्था निरूपणे समञ्जसतया गुम्भितम्। तथापि नासदीये दृश्यमाणाम् अव्यक्तावस्थायाः तमस्त्वकल्पनां ( तमः आसीत् तमसा गूळ्हमग्रे ) पाक्षिकतया तिरस्करोति । मायायाः साम्यावस्थात्वेन परिष्करोति पुराणकारः नारायणीयकर्ता च ।
ब्रह्मणः सृष्ट्युन्मुखायाः इच्छायाः स्वरूपं छान्दोग्योपनिषदि सम्यक् विवृतमस्ति । एषा कल्पना यद्यपि पुराणे तथैव स्वीकृतास्तथापि परिष्कृता च । ईश्वरस्य सिसृक्षात्मकस्य ईक्षणस्य होतोः एव माया त्रिभुवनीभावाय सज्जा भवति । सृष्ट्यनुकूलक्षोभः च जायते।
तैत्तरीयोपनिषदनुसारिणीं भूतसृष्टिं च क्रमात् विवृणोति आकाशादीनां सूक्ष्मस्थूलभूतानां सृष्टिवर्णनेन।
सृष्टिक्रमनिरूपणे सांख्याभिमतसृष्टिक्रमः एव भागवते नारायणीये च स्वीकृतः।
एवं वेदप्रोक्तस्य औपनिषदप्रोक्तस्य च प्रपञ्चसृष्टेः क्रमस्य विशदचित्रणमेव भागवतपुराणे कृतम् । नारायणीयकर्ता तु तां सगुणस्येश्वरस्य लीलेति प्रकल्प्य भक्यनुगुणतया तां सयुक्तिकं संगृह्य स्थापयति । केवलाद्वैतमतानुसारीं सृष्टिप्रक्रियां न स्वीकरोति । तथा अद्वैताभिमतमजातिवादं च न स्वीकरोति ।
References
1 Rgveda mandala 10 suktha 129
2 Rgveda Mandala 10
3 Thaithariya Upanishad 2:1:4
4 Bhagavath githa
5 Samkhyakarika sloka 22
6 Mandukyakarika vythathya prakaranam sloka 32
Bibliography
1 नारायणीयम् वनमाला व्याख्या guruvayoor devaswom publi
2 नारायणीयम् श्यामसुन्दरव्याख्या by P S ananthanarayana Sasthri
3 नारायणीयम् रसिकरञ्जिनीव्याख्या by Sahrdayathilaka Ramapisharody
4 नारायणीयम् भक्तप्रियाव्याख्या by Desamangalathu varrier , (pdf)
5श्रीमद्भागवतम् – GITA PRESS GHORAKHPUR
6 സംസ്കൃതസാഹിത്യചരിത്രം – കേരളസാഹിത്യ അക്കാദമി ,തൃശ്ശൂര്‍ (Vol 1)
7 ശ്രീമത് ഭാഗവതം ഡി. ശ്രീമാന്‍ നമ്പൂതിരി,ഋത്വിക് ബുക്സ് കോഴിക്കോട്
8 Samkkyathathva kaumudi , vacaspathi misra , Chaukhamba publishers
9 നൂറ്റെട്ട് ഉപനിഷത്തുകള്‍ (എഡി. )ഡി ശ്രീമാന്‍ നമ്പൂതിരി സമ്രാട്ട് ബുക്സ്"
https://navavani.org.in/wp/archives/13948,संस्कृतवाराचरणम् – डि.बि.जि.एच्.एस्. कोटकरा।,
https://navavani.org.in/wp/archives/14037,भारतं जयताच्चिरम् – विजयन् वि पट्टाम्बी।,"भारतं जयताच्चिरम्।
——— – – – – – – –
सर्वदेशेषु सम्बुद्धं
सर्वलोकेषु विश्रुतम् ।
सर्वलोकसमाराध्यं
भारतं जयताच्चिरम् ।। 1
स्वरुचिं साधु संवर्ध्य
साधुभावं प्रकाश्य च ।
स्वान्तं शान्तिसंयुक्तं
भारतं जयताच्चिरम् ॥ 2
स्वायत्तं वर्धितं वीर्यं
स्वायत्तं जनमण्डलम् ।
स्वरभेदं विना चैत –
द्भारतं जयताच्चिरम् । । 3
योगविद्यां प्रसार्यात्र
सर्वलोकेषु च पुनः ।
सर्वचित्तानि संयम्य
भारतं जयताच्चिरम् ॥ 4
स्वायत्तीकृत्य तन्त्राणि
संलक्ष्य शत्रुविक्रमान् ।
संसेव्य रणतन्त्राणि
भारतं जयताच्चिरम् ॥ 5
संलक्ष्य साधु व्याधिध्ना –
नौषधानपि सत्वरम् ।
निहत्य व्याधिजालं त –
द्भारतं जयताच्चि२म् ॥ 6
संसेव्य संस्कृतं नित्यं
सर्वलोकोपकारकम् ।
सर्वान् ज्ञानेन सत्कृत्य
भारतं जयताच्चिरम् ॥ 7
स्वाधीनस्य सुखञ्चान्य –
दन्यैषा चात्मनिर्वृतिः ।
स्वाधीनं सर्वतोभद्रं
भारतं जयताच्चिरम् ॥ 8
– – – – – – – – – – – – –"
https://navavani.org.in/wp/archives/13894,मम भाषा संस्कृतम्।,"मम भाषा संस्कृतम्।
(संस्कृतदिनगीतम् – विजयन् वि. पट्टाम्बि)
मम भाषा संस्कृतं संस्कृतेश्च वर्धकम्
सर्वचित्तहारकं सर्वलोकरञ्जकम्।
मम भाषा संस्कृतं सुन्दरं सनातनम्
काव्यशास्त्ररक्षकं चात्मतत्त्वभासकम्।
मम भाषा संस्कृतं शास्त्रतत्त्वगुम्फितम्
जीवनप्रदायकं जीवनाय चोदकम्।
मम भाषा संस्कृतं तत्त्वशास्त्रावेदकम्
भक्तिमार्गदर्शकं सर्वदुःखहारकम्।
मम भाषा संस्कृतं सर्वलोकदीपकम्
भानुतुल्यभासकं भामिनीव रञ्जकम्।
मम भाषा संस्कृतं कण्ठशुद्धिवर्धकम्
वेदशास्त्रबोधकं वेदितव्यसञ्जितम्।
मम भाषा संस्कृतं भाषणं करोम्यहम्
मातृकल्पभाविनं तं भजे निरन्तरम्।।"
https://navavani.org.in/wp/archives/13690,संस्कृतं लोकरञ्जकम्।,
https://navavani.org.in/wp/archives/13616,कोरोणागीतम् – श्री मुत्तलपुरं मोहन्दास्।,"कोरोणागीतम्
मुत्तलपुरं मोहन्दास्
कोविडव्यापनकाले लोके
मानवास्सर्वे संभीता जाताः।
उच्चो वा नीचो वा मध्यमो वा
नास्ति विभेदः कोरोणायाश्च ।।
While Covid is rampant in the country, mankind is all terrified. Corona does not discriminate among the lower middle and upper classes.
मन्त्री वा तन्त्री महाजनो वा
मन्त्रयत्येकं कोरोणामन्त्रम् ।
मन्त्रेण यन्त्रेण नैव वार्या
जाग्रत्ता एकास्ति तन्निरोधे ।।
Minister, priest or common man, all are chanting only the Corona Manthra. It can be encountered with neither chanting  or charm, the only prevention possible is being Alert.
सच्छीलानां परिपालनेन
उच्चाटनं साध्यम् कोविडस्य ।
यत्र कुत्रापि वा सञ्चरणे
व्यक्तिशुचित्वं प्रधानमेव ।।
Covid can be warded off only through observing chaste routines. Wherever
one goes, personal hygiene is important.
कार्यालये वाऽन्यसंगमे वा
धार्यं सदापि मुखावरणम् ।
हस्तप्रक्षालनं मध्ये मध्ये
कर्तव्यमेवाणुनाशनाय ।।
Whether one is in an office or there in a meeting place, wearing mask is a must. Virus elimination is possible only by washing hands at regular intervals.
सामूहिकान्तरं कल्पनीयम्
शारीरिकं नतु मानसिकम् ।
हस्तदानं मास्तु स्वीकरणे
वक्तुमुचितं ‘नमस्ते’ एव ।।
Social distancing is essential physically, not mentally. Greetings should not be through handshake, a verbal greeting like “Namaste” should be preferred.
आश्चर्यं कोविडवैभवेन
निश्चलं सर्वं पिनद्धं जातम् ।
नास्ति गत्यन्तरमित्यतो हि
सर्वे जना गृहमाश्रयन्ति ।।
It is amazing that, by the glory of Covid, everything has become still and locked. Now, as there is no other go, people is finding solace at home alone.
पितरस्सन्तुष्यन्ति स्वात्मजानां
सततस्सान्निध्येन दुर्लभेन ।
एवमपत्यान्यनुभवन्ति
वाल्सल्यमन्यथा नैव लभ्यम् ।।
Men are gladdening parents and children alike, by constant presence, which used to be rare.
नास्ति बहिर्मुधा पर्यटनम् ।
अस्ति दुराशानां संयमनम् ।
भूत्वा गृहे सर्वे सन्निहिताः
स्वस्थाः परस्परं संवदन्ति ।।
Unwanted outings have stopped and hence all are ever available in the house. The family members have healthy communication among them.
कोविड्गुरोरनुशासनेन
कोविदा जाताः महाजनाश्च ।
अन्धविश्वासदुराचाराणाम्
अन्तमभवदनेककानाम् ।।
By order from Guru Covid, people became more aware of life and have got rid of many superstitions and amorality. 
अस्ति जगदीश सर्वतोपि
ईश्वरतुल्यजनोस्ति लोके ।
मानवसेवा भवति साक्षात्
दैविकसेवा वदति कोविड् ।।
God is omnipresent. There are godlike men too in this world. Serving mankind is the same as serving God: says Covid.
यानानि सर्वाणि निश्चलानि
राजमार्गाः जाता निर्जनाश्च
अन्तस्थितेषु जनेषु बाह्ये
सर्वतो वन्यमृगाश्चरन्ति ।।
As vehicles stopped plying roads streets have become tidier and secluded, wild-life is free to move around.
मालिन्यमुक्ता जलाशया हा!
स्वच्छञ्च संजातमन्तरीक्षम्
जन्तवो विस्मिता मानवानां
मानसान्तरं कथं नु जातम् ?
water sources are cleaner, The atmosphere has become pollution free. The animals may be wondering what made  the human have change their mind?
अस्ति कृषिकर्म गेहे गेहे
अत्ति सुभिक्षं दिने दिने च ।
नास्ति पिधानवैरस्यमल्पम्
वेत्ति जनोपि कुटुम्बसौख्यम् ।।
Every homestead has farming these days and, there is lot to eat. Instead of the lockdown bore people are experiencing family bliss.
कोविड! त्वं गुरुर्मानवानाम् ।
पाठाननेकान् त्वं पाठितवान् ।
पाठनमत्यन्तमुत्तमं स्यात् ।
कोऽपि न विस्मरेज्जीवनान्तम् ।।
covid, you are Guru to mankind, you have taught many a lessons. Your teaching methodology is excellent! No one will forget these learning experiences.
एवं स्थितेपि त्वां कीर्तयितुं
साध्यं कथं तव दुश्चरितैः?
मृत्युं वपसि त्वं मर्त्यलोके
भृत्यो वा त्वं भुवनान्तकस्य?
However, it is not proper to heap praises on you. You are spreading death on earth. Are you an agent of the God of Destruction?
 
उत्सर! कोविड! रे दुरात्मन्!
भर्सयति त्वां जगदिदानीम्।
वाक्सिनागच्छेत्त्वन्नाशनाय
उज्झित्वा गच्छ! भुवनाच्छीघ्रम् ।।
Clear out! evil minded Covid, demands the world. It sure that vaccine will arrive to destroy you. Go leaving the world at the earliest.
कोविडनिर्मार्जनाय लोकाः!
बद्धपरिकरा सन्त्विदानीम्!
त्यज्यन्तां भेदविवेचनानि
लोकाः समस्तास्सुखिनस्सन्तु!
O men of the world, set aside the racial discriminations and get set to drive away the Covid menace, so that there shall be welfare for the entire world.
***************"
https://navavani.org.in/wp/archives/13434,पुरस्सराः भवाम भोः – कोरोणा जागरणगीतम्।,
https://navavani.org.in/wp/archives/13358,मधुवाणी।,"GUIDELINES

 
👉मधुवाणी। 👈
User Mannual (LINUX)
User Mannual (WINDOWS)"
https://navavani.org.in/wp/archives/13251,परिस्थितिचिन्तनम्। – विजयन् वि. पट्टाम्बि।,"विश्वं सनातनं प्रोक्तं सर्वप्राणिप्रचोदकम्।
वृक्षसस्यलतादीनामास्थानं वर्णमोहनम्।।
कीटानां मानवानाञ्च पशूनां पक्षिणां तथा।
वासस्थानमेवैतत् समत्वेन प्रकल्पितम्।।
मानवश्च प्रवृद्धो∫थ क्रमशः स्वार्थतत्परः।
सर्वत्र वर्तमानानां जीविनां घातको∫भवत्।।
वायुं हन्ति जलं हन्ति भूमिं हन्ति तथा पुनः।
निर्दोषान् जीविनो हन्ति कष्टं तस्य कुचेष्टितम्।।
अहङ्कारमदोन्मत्तैश्चाधर्मे रतिमाश्रितैः।
मातृभूता धरा रम्या हता तैः स्वार्थपूर्तये।।
यदस्तु कर्म तस्यापि फलं नूनं भविष्यति।
विषाणुभीतिरूपेण चाग्निपातः समागतः।।
जनाश्च भीतिमापन्नाः चिन्ताग्रस्ताश्च निश्चलाः।
पटबद्धमुखा जाताः हन्त! कर्मफलं किमु? ।।
परिस्थितिदिने चास्मिन् चिन्तां कुरुत मानवाः।
समाजस्य च सर्वस्य करणीया सुसंस्थितिः।।
परिस्थितिस्तु विज्ञेया परितः स्थितिरेव नः।
समेषां प्राणिजालानामावासभरिता च सा।।
वृक्षाणां रोपणं कार्यं कार्यं नित्यञ्च पालनम्।
श्रुतं किं नु महद्वाक्यं दशपुत्रसमो द्रुमः।।
दत्वा भोज्यं तथा रक्षां स्नेहं तेषु विधाय च।
प्राणिनः परिपाल्यन्तां सर्वे सन्तु निरामयाः।।"
https://navavani.org.in/wp/archives/12990,വിശുദ്ധ റമളാൻ ആശംസാ : – Sankaranarayanan,"വിശുദ്ധ റമളാൻ ആശംസാ :
☪️☪️☪️☪️☪️☪️☪️
I വിശുദ്ധി: റമളാനസ്യ
വ്രതാചാര സ്തനോതു വ:
ഉഭയ: സംയമ: പുണ്യം
രോഗസ്യാസ്യാപി രോധകം
2 ഖുറാന പഠനം ചൈവ
നബീ കർമ്മാനുശീലനം
സർവ്വ സ്രഷ്ടു മഹത്വം ച
പ്രോദ്ഘുഷ്യന്താം ദിനേ ദിനേ
3 ചന്ദ്രാ സ്തമയമാരഭ്യ
യാവത് ചന്ദ്രോദയം നിശി
താവദ്വയം പാലയാമ:
കർക്കശം വ്രതമീദൃശം
4 ദാനസ്യ മഹിമാം നിത്യം
ജ്ഞാത്വാ ദാനം കരോമ്യഹം
സർവ്വലോകസ്യ സൗഖ്യായ
റമളാനോയം സദാസ്തു വ :
അർത്ഥം –
1 വിശുദ്ധ റമളാൻ മാസത്തിൻ്റെ പുണ്യവും വ്രതാചരണവും ആത്മീയവും ഭൗതികവുമായ നിയന്ത്രണത്തോടൊപ്പം ഈ മഹാമാരിക്കെതിരെയുള്ള പ്രതിരോധവുമായി മാറട്ടെ
2 വിശുദ്ധ ഖുറാൻ പാരായണം ചെയ്തും വിശുധ പ്രവാചകൻ്റെ പ്രവൃത്തികളെ പിൻതുടർന്നും സർവ്വ സ്രഷ്ടാവായ അല്ലാഹു വിൻ്റ മഹത്വത്തെ ദിനം തോറും ഉദ്ഘോഷിക്കുവിൻ
3 ചന്ദ്രാസ്തമയം മുതൽ ചന്ദ്രോദയം വരെ നാം കർക്കശമായ വ്രതചര്യയിൽ ഏർപ്പെടും
4 സക്കാത്തിൻ്റെ മഹിമയെ അറിഞ്ഞ് നാം സക്കാത്ത് നടത്തും . ഈ വിശുദ്ധ റമളാൻ സകല ലോകത്തിൻ്റെയും സൗഖ്യത്തിനായി മാറട്ടെ
– ശങ്കർജി കൊടകര"
https://navavani.org.in/wp/archives/12918,कविता – विजयन् वि पट्टाम्बी।,"यतामहे वयं सदा।
१. चीनादेशे समुत्पन्ना
चीयमाना क्षणे क्षणे।
व्याप्नोति सर्वराष्ट्रेषु
कोविड् हा भयकारिणी।।
२.जनान् सहस्रशांश्चाद्य
हन्ति संक्रमणात्मिका।
जनास्तत्राः समाविष्टाः
यथादिष्टाः गृहोदरे।।
३. पिहिताश्च जनास्सर्वे
सर्वकारेण तत्क्षणम्।
गृहीता मञ्चनिक्षिप्ताः
क्षीणाश्च पन्नगा यथा।।
४. स्वदेशिनो गृहस्थास्तु
परिवारसमन्विताः।
गृहान्तरे∫वसन् स्वस्थाः
नीडेषु पक्षिणो यथा।।
५. केचिन्महानसं प्राप्य
भक्ष्याणि हा यथारुचि।
निर्माय च यथाकालं
पक्वानि पर्यवेषयन्।।
६. केचन स्वस्ववैदग्द्यं
गानेनाभिनयेन च।
प्रदर्श्य मोदमापन्नाः
वाट्साप् द्वारेण सत्वरम्।
७. आबालं हा जनास्सर्वे
मोबैल् वीक्ष्य मुदान्विताः।
जाग्रताञ्च समाश्रित्य
भुङ्क्त्वा सुप्त्वा च रेमिरे।।
८. सर्वकारास्तु साकूतं
जनानां सेवने रताः।
भक्ष्यवस्तूनि सञ्चित्य
ददन्तो धन्यतां गताः।।
९. बहुदिनान्यतीतानि
जनास्तु बहवो  हताः।
बहुसहस्रमितो हन्त
वैद्यशालासु संस्थिताः।।
१०.भिषग्वरस्त्वहोरात्र-
मनुवैद्यसमावृतः।
शुश्रूषायां  निमग्नः सन्
देवतासममैक्षत।।
११. कोविड् व्याधिना व्याप्तं
भुवनं सर्वमिदं क्षणात्।
शास्त्रसम्पत्समायुक्तं
भारतं मुक्तिमाप्नुयात्।।
१२. भयं त्यक्त्वा जयं प्राप्तुं
यतामहे वयं सदा।
स्वास्थ्यलाभाय सर्वेषां
प्रार्थये च  निरन्तरम्।।"
https://navavani.org.in/wp/archives/12797,കോവിഡ് പ്രതിരോധം പ്രതിജ്ഞാഗീതം : ശങ്കരനാരായണൻ കൊടകര,"നാശയാമഃ കോവിഡം
പാലയാമഃ ഭാരതം
വൈദ്യവര്യദേശനം
പാലയാമഃ സർവ്വദാ
സർവ്വകാര മന്ത്രണം
സർവ്വഥാ ഭജാമഹേ
ദേഹശുദ്ധി ചിത്തശുദ്ധി
സദാസ്തു മന്ത്രമീ ദൃശം
ഹസ്തമന്വഹം വയം
ക്ഷാളയാമഃ സന്തതം
ആനനം സമാവൃതം.
പ്രകല്പയാമഃ ബന്ധുരം
സോദരോSസ്തു ബാന്ധവാഃ
സമീപവാസിരസ്തു വാ
സമീപതഃ സ്ഥിതിര്‍ന്ന ഹി
പ്രകല്പയേ പ്രകല്പയേ
ലോകരക്ഷണം മദീയ –
മന്ത്രമിത്യവൈമ്യഹം
നാശയാമഃ കോവിഡം
രക്ഷയാമഃ  ഭാരതം"
https://navavani.org.in/wp/archives/12863,अभिनवनीतिसारम् – मुत्तलपुरं मोहन्दास्।,"नीतिसारमवलम्ब्य कृतम्
अभिनवनीतिसारम्
मुत्तलपुरं मोहन्दास्
प्रणम्य शैलजामाद्यम् आत्मविश्वासदायिनीं
नीतिसारं प्रवक्ष्यामि कोविदामयमुक्तये।।
Let me, at the outset, pay my due respects to Shailaja, who gives self confidence and then shall I describe the proper things to do in escaping the hardships rendered by Covid the virus, in these days.
श्रूयतामद्य कर्तव्यं श्रृत्वा चैव समाचरेत्।
आत्मनः प्रतिकूलाणुं* मा परेषु प्रसारयेत्।।
Listen to what is the proper things that should be done during this hard times. It is important to translate these into deeds. Corana virus* that you
may have acquired should not be shared with others.
अपरीक्ष्य न कर्तव्या चिकित्सा स्वयमेव च।
कदाचित् भवति सन्देहः कोविदे जलदोषवत्।।
Don’t administer medicines to yourself, without proper diagnosis. Covid, through symptoms, may sometimes be misunderstood as Common Cold.
अवश्यमनुभोक्तव्यो कष्टकाल इहागतः।
नास्ति गत्यन्तरं ह्यद्य कोरोणाणुविनाशनात्।।
We have to endure the hardships due to the current Lock Down, as we have no other option except eliminating the Corona Virus.
धान्यपोषणशीलत्वं वत्सपोषः स्वयंकृषी
पित्रोस्सेवनमुत्तमं कोरोणामयकालिकम्।।
The good things that one can do during confinement to one’s home, during the Lock Down include agricultural activities like growing crops and vegetables, caring for children and nursing parents etc.
सर्वकारो विजानाति जनोद्बोधनकष्टताम्।
नहि मूर्खा विजानन्ति कोरोणाणुकवैभवम्।।
Only those in the Government know the difficulty in building awareness among the public. Alas, many of the block-headed do not comprehend how fierce this virus situation actually is.
मूर्खैरनुयायिभिर्दुष्टजनगूढसंगमैः
द्विषतां संप्रयोगेन पार्टिर्दुष्यति च क्रमात्।।
Any party will corrupt due to followers sans sense and discretion as also due to conspiracy of foes.
आरण्यरुदितं जातं सर्वकारप्रबोधनम्।
लीयते च जनारावे रक्षकाणां प्ररोदनम्।।
The forebodings of the Government becomes mere cries in the wild. The imploring of the police too are wasted in the public noise.
अनाच्छाद्य मुखं स्वस्य हसन्तं वा भषन्तं वा
ज्वरकफबाधितश्चेत् दूरतः परिवर्जयेत्।।
Those who laugh aloud, cough or sneeze without covering the mouth and nose, as well as those who are suffering from cold and/or fever should (compulsorily) be isolated.
अर्थाः गृहे निवर्तन्ते श्मशाने पुत्रबान्धवाः
नूतनं वासमन्विष्य प्रतिनिवर्तेत कोविदः*।।
At the call of death, wealth deserts at home, relatives at the graveyard. The Covid germ* leaves a dead body and seeks a living one.
माता पिता वा शत्रुस्स्यात् कोविदेन तु बाधितः।
सभामध्ये धरेत्तस्मात् मुखावरणमुत्तमम्।।
Once one contracts Corona, even parents will be like enemies. So make it a practice to wear a good face mask when you meet others.
एकधा दशधा शतधा च सहस्रधा च
रणे पार्थशरोवृष्टिस्तथा कोविदव्यापनम्।।
The Covid spreads like the arrows from Arjun’s bow. One initially, multiplies into ten, then into hundred in flight and thousand while reaching the target.
 
हर्ताल् कदा भवति? कारणमस्य किं वा?
पेट्रोलियस्य विपणिमूल्यविवर्धनञ्च
सामूहिकं सपदिकोविदव्यापनञ्च
देवो न जानाति कुतो मनुष्यः?
The hike in petrol prices, outset of a hartal and its causes cannot be predicted. Similarly when Corona turning into pandemic proportions is not known to the Almighty. What to say then about man’s helplessness!
शकटं पञ्चहस्तेषु दशहस्तेषु वाजिनं
गजं हस्तसहस्रेषु कोरोणां दूरतस्त्यजेत्।
One should keep oneself away by five palm length from vehicle, ten lengths from horse, thousand from elephant. The distance should be even greater from Covid-affected.
मानवस्य लघुतामुदाहरन्
राष्ट्रदुर्मदमपि च संहरन्।
कोविदस्य च समीक्ष्य ताण्डवं
ज्ञायतेह विधिरेव शक्तिमान्।।
Observing the way the virus is running riot, proving that  man is insignificant and suppressing the rudeness of the monopolies of the superpowers, feel after all destiny is omnipotent.
रूपयौवनसम्पन्ने विशालकुलसंभवे
विद्याहीने च मूढे वा कोविदस्य नहि भेदः।
Covid makes no partiality among the wise and foolish, elegant and ugly,  elite, lowly, young and old.
सिंहादेकं बकादेकं शिक्षेच्चत्वारि कुक्कुटात्
वायसात् पञ्च शिक्षेच्च शतं कोविदसद्गुरोः।
We have to learn a lesson each from lion and stork, four from chicken , five from crow and hundreds from this eminent teacher called Covid 19.
अनित्यानि शरीराणि वैभवं नैव शाश्वतं
नित्यः सन्निहितो मृत्युः प्रलयकोविदादिभिः।
The body is destructible. One’s skills are perishable. The only sure and eternal thing is death, which is so close to all. It can come through Covid infection or deluge etc..
परोपि हितवान् बन्धुः बन्धुरप्यहितः परः
कोविदे मूर्च्छिते राष्ट्रैर्ज्ञायतेदं सुभाषितम्।
If an other person, though enemy , acts according to what is good for us, he is indeed the best friend. Foe is one who does what is not suited. Many countries realized the essence of this saying, when Covid 19 spread.
पुस्तकस्थापिता विद्या परदेशगतः पुत्रः
परहस्तगतं वित्तं किं कृते कोविदागते?
Once Covid strikes, what use is there of the wisdom only in books, a son in a far away country or one’s money that is in other’s possession!
मरणान्तानि वैराणि प्रणतान्ता हि कोपिता
याचितान्तञ्च गौरवम् एवं वदति कोविदः ।
Covid says: With death ends all enmity, Anger dies with humility, Self Respect when forced to beg. (We have seen how many “cleverer than thou’ attitude of many monopoly nations turning into humble request)"
https://navavani.org.in/wp/archives/12580,वृत्तपरिचयः – श्री शङ्करनारायणः आनक्करा।,
https://navavani.org.in/wp/archives/12361,नववाणी संस्कृत चलच्चित्रोत्सवः २०२०,"NAVAVANI SANSKRIT SHORT FILM FESTIVAL
 
 
NOTICE   click here……"
https://navavani.org.in/wp/archives/12421,कविता – जयतात् मङ्गले धन्ये।,"*जयतात् मङ्गले धन्ये।*
संस्कृतस्य प्रसाराय
संस्कृतेर्वर्धनाय च।
समुत्पन्ना नवा वाणी
सर्वचित्तापहारिणी।।१।।
तमसो मा प्रापय ज्योतिं
घोषयन्ती सुसंस्कृता।
शुभदा जालपुटे सन्ना
सङ्गमग्रामसम्भवा।।२।।
नववाणी नवा रम्या
सज्जनानन्ददायिका।
पूर्णचन्द्रप्रभायुक्ता
चन्दनार्द्रसुशीतला।।३।।
समस्तेषु च लोकेषु
सजीवा शान्तरूपिणी।
अङ्गुलीस्पर्शमात्रेण
त्वागमिष्यति सेविका।।४।।
यत्नेन जनिता सेयं
संगमग्रामवासिनाम्।
संस्कृताध्यापकानां मे
सर्वेषां सहकारिणाम्।।५।।
यत्रास्त्यचञ्चला बुद्धि-
रुद्यमो मेरुसन्निभः।
जिज्ञासा च जिगीषा च
तत्र श्रीरिति निश्चिता।।६।।
शतशो/ध्यापकाः लोके
पठितारश्च सहस्रशः।
भाषाप्रणयिनश्चास्याः
संस्थायाः सेवने रताः।।७।।
सङ्गमेशकटाक्षेण
साधूनां चोदनेन च।
वाणीयमतुला भूया-
दासूर्यचन्द्रतारकम्।।८।।
पालकः पोषकस्तस्याः
जोसाख्यः सज्जनो बुधः।
नीरवं कुरुते कर्म
मन्दमारुतसन्निभः।।९।।
जयतात् मङ्गले धन्ये
विमले सप्रयोजिके।
निस्वार्थे निस्तुले बाले
संस्कृतचन्द्रिकास्रवे।।१०।।
*विजयन् वी पट्टाम्बी।*
इरिङ्ङालक्कुटा
११-०२-२०२०"
https://navavani.org.in/wp/archives/12214,नववर्षगीतम् – विजयन् वि. पट्टाम्बि।,"नववर्षं सामोदं भुवनं मे प्राप्तं
शान्तमिदं चित्तं तु सन्तोषपूर्णम्।
नानाजनततिभरितो मामकदेशो
मधुभरितकुसुमयुतमतुलमुद्यानम्।।
हेैन्दव क्रैस्तव जनततिरिह नित्यं
सन्तोषभावेन वसति चिरकालम्।
इस्लाम पार्सी सिख् बौद्धजनाश्चात्र
सोदरभावेन सन्तोषचित्ताः।।
किमेषा घोषणा सर्वत्र देशे
किमेतच्चित्तं मे सोद्वेगपूर्णम्।
निवसन्ति मम देशे ये ये बहुकालं
तैरेव नागरिकजनतात्र सत्यम्।।
कुरुत नहि सोदराः दुःखं हृदि नित्यं
मानसमनुपमसागरकल्पम्।
नैवात्र भीतिः नैवात्र कोपो
नैवात्र मात्सर्यरोषाग्निबाधा।।
भवतु मे देशोयं मुदभरितं नित्यं
जनततिः सर्वथा सोदरकल्पा।
नहि कलहो नहि द्वेषो भीषणाश्चत्र
सकलजनहृदयमिह शान्ततामेतु।।"
https://navavani.org.in/wp/archives/10463,संस्कृतशिक्षणपाठाः।,"രാഷ്ട്രീയ സംസ്കൃത സന്‍സ്ഥാന്‍ തയ്യാറാക്കിയ സംസ്കൃതസംഭാഷണ പാഠങ്ങള്‍ ആഴ്ചയില്‍ ഒന്നുവീതം ഈ പേജില്‍ പ്രസിദ്ധീകരിക്കുന്നു. സംസ്കൃതാധ്യാപകരും വിദ്യാര്‍ത്ഥികളും ഇത് പരമാവധി പ്രയോജനപ്പെടുത്തുമല്ലോ…
EPISODE – 15 (16-11-2019)

 
കൂടുതല്‍ പാഠങ്ങള്‍ക്കായി ഇവിടെ ക്ലിക് ചെയ്യുക…"
https://navavani.org.in/wp/archives/8110,व्याकरणपाठाः – प्रोफ. नारायणन् नम्पूतिरिः।,व्याकरणपाठाः – प्रोफ. नारायणन् नम्पूतिरिः। ……click here
https://navavani.org.in/wp/archives/11561,जयतात् कोमलकेरलधरणि।,"जय जय मामक सुभगे ललिते
जयतात् कोमलकेरलधरणि।
मामक जननि भार्गवतनये
वीर्यवतां नरसुहृदां मातः।।
                            (जय जय मामक….
केरकरम्बित सुन्दरगात्रे
कोकिलततिभरसुमुखि पवित्रे।
मधुरम्भरितैराम्रफलैश्च
ह्यधिकतरं खलु वासितभूमि!
                                 ( जय जय मामक…..
कर्षकमित्रैः पालितभुवने
हर्षभरैश्चोद्यमसहितैः।
वर्षावर्धितधान्यधने मां
तुष्ट्या नितरां पालय जननि!
                                     (जय जय मामक…….
तटिनीजलगणभरितो वातः
मधुरो मन्दं वाति च रुचिरम्।
पत्रसमृद्धैमस्तकभारै-
र्मदभरकेलिमनृत्यन् केराः।।
                                   (जय जय मामक……….
सागरवीचिभिरनुवेलं किल
केरलतीरमिदं खलु सुभगम्।
कलकलनिनदैवीचिभिरधुना
कमनीयाभिः पुलकितगात्रे!
                                        (जय जय मामक…….."
https://navavani.org.in/wp/archives/10371,विजयश्रीलालिताः स्युः।,"विद्यालयीय नववर्षाय शुभाशंसा-
कविता – विजयन् वि. पट्टाम्बि
ज्येष्ठमासीयोfयं कालः समागतस्ततः सर्वे
विद्यालयाः बहु सज्जाः छात्रपूर्णाश्च।
                                             (ओ तित्तित्तारा…..)
वायुर्जातो महाशीतः जलदमालाश्च पुनः
वियदङ्गणेषु चित्रं रचितवत्यः।
                                              (ओ.. तित्तित्तारा…)
बालिकाबालकास्सर्वे भरितामोदेन साकं
महितविद्यालयेषु मिलितवन्तः।
                                              (ओ तित्तित्तारा…)
पठनं हा समारब्धं बहुविधलीलाश्चाथ
कथागङ्गा प्रवहति गुरुमुखाशच्च।
                                               (ओ तित्तित्तारा…)
संस्कृतं पठत छात्राः जीवेयुश्च संस्कृताय
सर्वेभ्यश्च सुखं भूयाज्जगति नित्यम्।
                                               (ओ तित्तित्तारा…)
नववाण्याः साहाय्येन जयिनस्स्युः पठनेषु
विजयश्रीलालिता स्युः विना विलम्बम्।।
                                                (ओ तित्तित्तारा…)"
https://navavani.org.in/wp/archives/9759,എസ്.എസ്.എല്‍.സി പരീക്ഷ – ഒരവലോകനം – C C SURESHBABU,"ഇത്തവണത്തെ എസ്.എസ്.എല്‍.സി പരീക്ഷ – ഒരവലോകനം –
തയ്യാറാക്കിയത് C C SURESHBABU GMHSS NADAVARAMBA, IRINJALAKUDA
2019 മാര്‍ച്ച് മാസം 13 ന് ആരംഭിച്ച എസ്.എസ്.എല്‍.സി പരീക്ഷയുടെ ആദ്യദിനം സംസ്കൃതപരീക്ഷ പൊതുവെ കുട്ടികള്‍ക്ക് കുളിര്‍മഴപോലെയായിരുന്നു എന്നാണ് വിലയിരുത്തപ്പെടുന്നത്. മോഡല്‍ പരീക്ഷയുടെ പാറ്റേണില്‍തന്നെ ചോദ്യങ്ങള്‍ വന്നു എന്നതും എല്ലാ കുട്ടികള്‍ക്കും ആത്മവിശ്വാസത്തോടെ പരീക്ഷയെഴുതാന്‍ കാരണമായിട്ടുണ്ട്. ചോദ്യപേപ്പര്‍ വായിച്ചപ്പോള്‍തന്നെ ഉണ്ടായ ആശ്വാസം തുടര്‍ന്നുള്ള പരീക്ഷകളെക്കുറിച്ചുള്ള പിരിമുറുക്കം കുറയ്ക്കുവാനും ഒട്ടൊന്നുമല്ല  സഹായിച്ചിട്ടുള്ളത്.
1. कोष्ठकात् चतुर्णां समुचितमुत्तरं चित्वा लिखत। എന്ന ആദ്യത്തെ ചോദ്യത്തിന്റെ ഓരോ ഉത്തരത്തിനും 1 മാര്‍ക്ക് വീതം.
2. രണ്ടാമത്തെ വിഭാഗത്തില്‍ मधुमान् नो वनस्पतिः എന്ന പാഠഭാഗത്തില്‍നിന്നും സസ്യവിഭാഗങ്ങളെ ഓര്‍മ്മപ്പെടുത്തുന്ന ചോദ്യങ്ങളാണുള്ളത്
मञ्जूषातः पदानि स्वीकृत्य पट्टिकां पूरयत।
3.വളരെ ലളിതമായ ചോദ്യമാണ്  उदाहरणानुसारं पदच्छेदं लिखत।
ഉത്തരം         काव्येषु + अन्यतमः
4. വിഗ്രഹവാക്യം എഴുതാനുള്ള ചോദ്യത്തിന് धनम् अस्य अस्तीति धनी എന്നാണ് എഴുതേണ്ടത്.
5. अधोदत्ताद् वाक्यात् क्त्वान्त-ल्यबन्त-तुमुन्नन्तानि अव्ययानि चित्वा लिखत।
6. 6 മുതല്‍ 9 വരെയുള്ള ചോദ്യങ്ങളില്‍ ഏതെങ്കിലും 3 എണ്ണത്തിന് മാത്രം ഉത്തരമെഴുതിയാല്‍ മതി
अधोदत्तं श्लोकं पठित्वा समुचितमाशयं चित्वा लिखत എന്ന ചോദ്യം ईशोपदेशः എന്ന പാഠഭാഗത്തിലെ ഒന്നാമത്തെ ശ്ലോകമാണ്.
ഇതിന്റെ ശരിയുത്തരം धर्माचरणम् आत्मनिर्वृत्यर्थमेव भवेत् എന്നതാണ്.
7. सूचनानुसारं गद्यक्रमं लिखत എന്ന ചോദ്യത്തില്‍ കൊടുത്തിരിക്കുന്നത് प्राप्य वरान् निबोधत എന്ന പാഠഭാഗത്തിലെ രണ്ടാമത്തെ ശ്ലോകമാണ്. വിട്ടപോയ ഭാഗങ്ങള്‍ പൂരിപ്പിച്ചാല്‍ മതിയാകും
ഉത്തരം
यः तु सदा अयुक्तेन मनसाअविज्ञानवान् भवति तस्य इन्द्रियाणि सारथेः दुश्टाश्वानि इव अवश्यानि ।
8. उदाहरणानुसारं वाक्यं परिवर्त्य लिखत
यद्यपि वृक्षे अनेकानि फलानि सन्ति तथापि कानिचिद् उपयोगशून्यानि भवन्ति എന്നാണ് എഴുതേണ്ടത്.
9.  अधोदत्त वाक्यात् शत्रन्तं शानजन्तं च विविच्य लिखत
10, 11, 12 എന്നീ ചോദ്യങ്ങളില്‍ നന്നായി ഉത്തരമെഴുതാവുന്ന ഏതെങ്കിലും രണ്ടെണ്ണത്തിനു മാത്രമെ ഉത്തരമെഴുതേണ്ടതുള്ളൂ.
10. सूचनाः उपयुज्य कुमारसम्भवम् अधिकृत्य लघूपन्यासं लिखत।
ഈ ചോദ്യം ഏഴാമത്തെ പാഠമായ കാവ്യമുക്താവലിഃ എന്ന പാഠഭാഗത്തെ ആശ്രയിച്ചാണ്. സൂചനകള്‍ ഉപയോഗിച്ച് വാക്യഘടന പാലിച്ചുകൊണ്ട് എഴുതാന്‍ കഴിയുന്ന കുട്ടികള്‍ക്ക് മുഴുവന്‍ മാര്‍ക്കും നേടാന്‍ കഴിയും.
11.  പ്രാപ്യ വരാന്‍ നിബോധത എന്ന പാഠഭാഗത്തില്‍ നിന്നുള്ള ഒന്നാമത്തെ ശ്ലോകവും അതില്‍നിന്നുള്ള നാല് ചോദ്യങ്ങളുമാണ് ഇത്. താഴെക്കൊടുത്തിട്ടുള്ള രൂപത്തില്‍ ഉത്തരമെഴുതിയാല്‍ മുഴുവന്‍ മാര്‍ക്കും ലഭിക്കും.
क. मूढाः अविद्यायामन्तरे वर्तमानाः भवन्ति।
ख. वर्तमानाः, मन्यमानाः, दद्रमन्यमानाः, नीयमानाः।
ग. अन्धेन एव
घ. अज्ञानम्, अविद्या
12. സൂചനയനുസരിച്ച് ജീവചരിത്രം എഴുതാനുള്ള ചോദ്യത്തിന് നാലു മാര്‍ക്കാണ്. ക്ലാസ്സില്‍ ധാരാളം ജീവചരിത്രങ്ങള്‍ തയ്യാറാക്കി പരിചയമുള്ള കുട്ടികളാണ്. ആയതിനാല്‍ മിക്കവര്‍ക്കും ഈ ചോദ്യം നല്ല രീതിയില്‍ അഭിമുഖീകരിക്കാന്‍ കഴിയും.
13. പ്രാദേശികഭാഷയിലേക്ക് വിവര്‍ത്തനം ചെയ്യാനുള്ള ചോദ്യമാണ് ഇത്. അഞ്ച് മാര്‍ക്കും ലഭിക്കണമെങ്കില്‍ നല്ല പോലെ ശ്രദ്ധിക്കണം. ഖണ്ഡിക രണ്ടുമൂന്നാവര്‍ത്തി നല്ലപോലെ വായിച്ചു നോക്കണം.
ഉത്തരം – രാഷ്ട്രങ്ങളുടെ പരസ്പരമുള്ള നല്ലബന്ധം ലക്ഷ്യമാക്കി സ്ഥാപിക്കപ്പെട്ട സംഘടനയാണ് ഐക്യരാഷ്ട്രസഭ. വിദ്യാഭ്യാസം, ശാസ്ത്രം, സംസ്കാരം എന്നിവകളിലൂടെ ഉയര്‍ന്ന് വിശ്വശാന്തിയും സുരക്ഷയും സ്ഥാപിക്കുന്നതിനുവേണ്ടി ഈ സംഘടന പ്രവര്‍ത്തിക്കുന്നു. 1945-ല്‍  പ്രവര്‍ത്തനമാരംഭിച്ച ഈ സംഘടനയില്‍ ഇപ്പോള്‍ 193 അംഗരാജ്യങ്ങള്‍ ഉണ്ട്. ഇതിന്റെ ഇപ്പോഴത്തെ സെക്രട്ടറിയാണ് അന്റോണിയോ ഗുട്ടറസ്.
14 മുതല്‍ 16 വരെയുള്ള ചോദ്യങ്ങളില്‍ ഏതെങ്കിലും രണ്ടെണ്ണത്തിന് മാത്രം ഉത്തരമെഴുതിയാല്‍ മതിയാകും.
14.सूचनाः उपयुज्य लघूपन्यासं लिखत।
विगतानुशयःഎന്ന പാഠഭാഗത്തില്‍നിന്നും കുട്ടികള്‍ ഏറെ പ്രതീക്ഷിച്ചിരുന്ന ഒരു ചോദ്യമാണ് ഇത്. സൂചനകള്‍ അനുസരിച്ച് വാക്യഘടനയോടെ എഴുതുവാന്‍ ശ്രദ്ധിക്കണം. ശീര്‍ഷകം നല്‍കണം
15. गद्यांशं पठित्वा प्रश्नानां उत्तराणि लिखत।
मातृका-
क. साहित्यरचनायाः वैशिष्ट्यं पुरस्कृत्य ज्ञानपुरस्कारः दीयते।
ख. १९६५ तमे वर्षे ज्ञानपीठपुरस्कारः इदं प्रथमतया प्रदत्तः।
ग. केरलीयाः ज्ञानपुरस्कारजेतारः जि.शङ्करक्कुरुप्प्, एस्.के पॊट्टेक्काट्ट्, एम्.टि वासुदेवन् नायर्, ओ.एन.वि. कुरुप्प् च भवन्ति।
घ. संस्कृतभाषायां ज्ञानपीठपुरस्कारेण समादृतः भवति डा. सत्यवत्रशास्त्री।
16. मञ्जूषायाः साहाय्येन सम्भाषणं पूरयत। അല്‍പ്പം സങ്കീര്‍ണമായ ചോദ്യമാണിതെങ്കിലും വേണ്ടത്ര സമയമെടുത്ത് സംഭാഷണം പൂര്‍ണ്ണമായി പലവട്ടം വായിച്ചാല്‍ മൂഴുവന്‍ മാര്‍ക്കും നേടാവുന്ന ചോദ്യമാണിത്.
ഉത്തരം
शृगालभार्या – भद्रे मया साकम् आगच्छ।
अजा – न भोः, मम बान्धवाः तव भर्त्रा मारिताः।
शृगालभार्या – मा भैषीः, मम भर्ता मृतः।
अजा – भवत्याः भर्ता कुटिलचित्तः । अहं निश्चयेन नागच्छामि।
शृगालभार्या – नैव प्रिये, सत्यं वदामि।
अजा – तर्हि भवति अग्रे गच्छतु।
      *                    *                     *"
https://navavani.org.in/wp/archives/9248,अद्वैत-विशिष्टाद्वैत-द्वैत-शुद्धाद्वैतादीनाम् मिथः समानता भेदाश्च – शङ्करनारायणः।,अद्वैत-विशिष्टाद्वैत-द्वैत-शुद्धाद्वैतादीनाम् मिथः समानता भेदाश्च – शङ्करनारायणः।
https://navavani.org.in/wp/archives/8262,त्यागिवर्यः – कविता – विजयन् वि. पट्टाम्बि।,"त्यागिवर्यः।                     जीवन्नस्ति सदा चित्ते
महात्मा जननायकः।
अहिंसावादिने तस्मै
त्यागिवर्याय मे नमः।।
अहिंसा परमो धर्म
इत्येवं येन दर्शितम्।
महात्ममे नृवर्याय
गान्धिने मे नुतिस्सदा।।
आदरं कांक्षते नैव
स्थानमानादिकं पुनः।
सत्यं दानं तथा त्यागः
सर्वं तेन सुकांक्षितम्।।
एकं वस्त्रं शरीरे तु
मुखे तदुपलोचनम्।
ललितं जीवनं तस्य
कोfस्ति लोकेषु तत्समः।।
मनसा वचसा चापि
कर्मणा विपुलेन च।
जीवनं नीतवान् लोके
सर्वेभ्यो हितमाचरन्।।
जपन्तं राम रामेति
सर्वलोकहिताय तम्।
गुरुश्रेष्ठं सदा वन्दे
देवतासमयोगिनम्।।
जीजीवेत्स महात्यागी
जनानां चित्तसद्मनि।
वासं क्वान्यत्र सः कुर्या-
दासूर्यचन्द्रतारकम्।।"
https://navavani.org.in/wp/archives/8200,कुन्नंकुलम् उपजिल्ला छात्रशिल्पशाला – २०१८-१९,कुन्नंकुलम् उपजिल्ला छात्रशिल्पशाला – २०१८-१९ – दृश्यानि…….
https://navavani.org.in/wp/archives/7954,तस्मै श्री गुरवे नमः।,"तस्मै श्री गुरवे नमः  विजयन् वि. पट्टाम्बि।

गुरुः ब्रह्मेति सङ्कल्पो भारतेषु प्रवर्धते
पुरुषस्यास्य संसृष्टौ गुरुरेव हि शक्तिमान्।
अध्येता ध्यानशीलश्च परिष्कर्ता तथा पुनः
कथाप्राणसमत्वाच्च सो∫ध्यापक इहोच्यते।
हितानुभवदाता स छात्रेभ्यो मार्गदर्शकः
दोषाणां परिहर्ता च समदर्शी सत्यवागपि।
मनसा कर्मणा वाचा  छात्राणामुन्नतिं बहु
सततं कांक्षते योगी निस्पृहः सत्यपालकः।
आचार्यो भावनायुक्तः कलाकारश्च सात्विकः
आशयग्रहणे दक्षो वाग्मी च क्षमायुतः।
हारकः छात्रचित्तानां वर्धको मूल्यसंस्कृतेः
चोदकः साधुवृत्तीनां नाशको दुष्टकर्मणः।
पाठ्यांशान् सम्यगासूत्र्य यथाकालं सविस्तरं
छात्रस्तरानुसारञ्च पाठ्यते तेन धीमता।
पठनानुभवांस्तूर्णं मधुरैरनुभवैः समं
समायोज्य यथाकालं सन्ददाति स पण्डितः।
कालिकासु च वृत्तिषु यथाशक्ति यथोचितं
छात्रशक्तिं समायोज्य लोकानुद्धरते गुरुः।
छात्राणां प्रियमित्राणां चित्तपद्मेषु संश्रयन्
कल्पान्तं जीवति प्राज्ञः पितृकल्पो नराग्रणीः।
किं कर्म किमकर्मेति साधुबोधप्रदायिने
उपदेशकवर्याय तस्मै श्री गुरवे नमः।"
https://navavani.org.in/wp/archives/6954,निवापाञ्जलिः – हरिप्रसाद् वि.टि.,ഡോ.സുകുമാർ അഴീക്കോടിന്റെ മരണത്തിൽ അനുശോചിച്ചുകൊണ്ട്  എഴുതിയ കവിത
https://navavani.org.in/wp/archives/6734,भवन्तु छात्राः पठनेषु तृप्ताः। – वि. विजयन् पट्टाम्बि।,"विद्यालयीयो नववर्ष एषः
समागतो हर्षभरेण वेगात्।
सुखेन सर्वे प्रविशन्तु तानि
विद्यागृहाणि बहुसुन्दराणि।।
 
पठन्तु ते संस्कृतपाठजालं
धर्माश्रितं साधुजनैश्च पाठ्यम्।
वाणी नवेयं तवमित्रतुल्या
सहायिका स्यात् पठनेषु नित्यम्।।
 
इदं च aap संस्कृतबन्धुतुल्यं
सुनिर्मितं संगमग्राममुख्यैः।
कुर्वत् सुपाठ्यं सुकरं च सर्वं
प्रशोभते सर्वकरेषु नित्यम्।।
 
पठन्तु बालाः ललितां स्वभाषां
कथाप्रपञ्चेन विभूषितां ताम्।
सुभाषितानां मधुना च मत्ताः
भवन्तु छात्राः  पठनेषु तृप्ताः।।"
https://navavani.org.in/wp/archives/6730,കൃഷ്ണപ്രപത്ത്യഷ്ടകം – ശങ്കരനാരായണന്‍,"വംശീസംഗീത സംലീനം
രാധായാ: രമണം ഹരിം
ആർത്തദു:ഖഹരം ദേവം
കൃഷ്ണമേവ സമാശ്രയേ
പുരുഷാർത്ഥപ്രദം സാക്ഷാ-
ദുരുസന്തോഷ ഹേതുകം
അരവിന്ദാസനാസീനാ-
 രാധ്യപാദം സമാശ്രയേ
രമാരാമേ ഭ്രമത്ഭൃംഗം
രമണീയതനും ഹരിം
വിരമായ മദാദീനാം
കൃഷ്ണമേവ സമാശ്രയേ
ഉർവ്വീശൈരഭിവന്ദ്യം തം
ശർവ്വസംസ്തുത വൈഭവം
സർവ്വവ്യാധി ഹരം ദേവം
കൃഷ്ണമേവ സമാശ്രയേ
യോഗതത്വവിദം സാക്ഷാ-
ദ്യോഗിഹൃദ്പത്മ വാസിനം
ഭോഗീശശായിനം ദേവം
കൃഷ്ണമേവ സമാശ്രയേ
കർമ്മയോഗരതം നിത്യം
ശർമ്മസന്ദായകം വിഭും
കർമദോഷവിനാശായ
കൃഷ്ണമേവ സമാശ്രയേ
ഗുരുവാതോത്ഥസം പീഡാ
പരിഹാരപരായണം
ഗുരുവായുപുരാധീശം
ഗരുഡധ്വജമാശ്രയേ
കിംകരായിതത്രൈലോകം
ശങ്കരാദ്യൈ സ്തുതം ഹരിം
ഓംകാരവേദ്യം തം ദേവം
കൃഷ്ണമേവ സമാശ്രയേ
മാധവോമാധവം ശ്രീമത്
മധുസൂദനമീശ്വരം
ബുധസംഗമ പ്രാപ്ത്യർത്ഥം
മാധവം തം സമാശ്രയേ
ഫലശ്രുതി
ഇത്യേവം കീർത്തനീയസ്യ
കൃഷ്ണസ്വാദ്ഭുതകർമ്മണ:
യ: സ്തൗതി ചരിതം ദിവ്യം
തസ്യ സർവ്വം ശുഭം ഭവേത്
ശ്രീകൃഷ്ണാർപ്പണ മസ്തു"
https://navavani.org.in/wp/archives/6492,कृषिः सर्वार्थसाधिका –കുറിപ്പുകള്‍ – ഹരിപ്രസാദ് കടമ്പൂര്,कृषिः सर्वार्थसाधिका – കുറിപ്പുകള്‍ – ഹരിപ്രസാദ് കടമ്പൂര്
https://navavani.org.in/wp/archives/6176,जलम् अमूल्यम् -सम्भाषणकविता।,"विजयन् वि. पट्टाम्बि।
बालः –
कोकिल कोकिल किं ते वदनं
शोकभरं तत् परिशुष्कम्
घोरनिदाघे तावकवदनं
जातं रूपविहीनमहो
कोकिलः –
अपिबं बालक जलमल्पं मे
भारतनद्याः गतदिवसे
हन्त हतोस्मि वदनम् उदरं
नेत्रद्वयमपि परिशुष्कम्।
बालः-
अयि भो कष्टं जलमखिलं तत्
शुष्कं जातं विषलिप्तम्।
कोकिलः –
कष्टं कष्टं दुष्टजनैस्त-
दखिलं दूषितमनुनिमिषम्।
ज्ञेयं मानवकुलजैः सर्वैः
जीवजलामृतमतिमूल्यम्।।"
https://navavani.org.in/wp/archives/6198,ഔദ്യോഗികചിഹ്നങ്ങളിലെ ആദര്‍ശവാക്യങ്ങള്‍ – ഹരിപ്രസാദ് കടമ്പൂര്,ഔദ്യോഗികചിഹ്നങ്ങളിലെ ആദര്‍ശവാക്യങ്ങള്‍
https://navavani.org.in/wp/archives/5606,जिह्वाप्रसादः – विजयन् वि पट्टाम्बि।,"सर्वेन्द्रियेषु प्रसादभूता
जिह्वा जनानां मुखोपविष्टा
जीयादनल्पा विवदमाना
खादनकर्मणि नित्यतृप्ता।
 
यान्यसौ वस्तूनि चात्तिमोदा-
न्नास्त्यत्र दोषो हा सद्यःपाती
यान्यसौ भाषते क्षिप्रकोपा-
दापत्प्रदा सैषा नास्ति तर्कः।
 
कारागृहावासदण्डदोषान्
भौतिकमानसदुःखजालान्
सर्वान् विधत्ते रसनेन्द्रियं
ज्येष्ठाविलासात् हा हन्त कष्टम्।
 
सत्यं वदत हितं वदत
सत्यानुरूपं प्रियं वदत
सौभाग्यमत्रैव लभ्यमहो
जिह्वाप्रसादेन सज्जनेभ्यः।"
https://navavani.org.in/wp/archives/4816,ശിവരാത്രി: ചില ചിന്താശകലങ്ങള്‍ – ശങ്കരനാരായണന്‍,"ശിവരാത്രി – ചില ചിന്താശകലങ്ങള്‍
പാലാഴി കടഞ്ഞസമയത്ത് അമൃതിനു മുമ്പേ ഉദ്ഗമിച്ച കാലകൂടം ( കാളകൂടം എന്ന് മലയാളത്തില്‍) എന്ന വിഷം ലോകമംഗളത്തിനായി ശ്രീ പരമേശ്വരന്‍ പാനം ചെയ്ത ദിനമാണ് ശിവരാത്രി ആയി ആഘോഷിക്കുന്നത്. തികച്ചും അവിശ്വസനീയമായ കഥ!
മുപ്പത്തിമുക്കോടി ദേന്മാര്‍ ഉണ്ടായിട്ടും എന്തിന് ശ്രീ പരമേശ്വരന്‍കാലകൂടം പാനം ചെയ്തു?
മറ്റൊന്ന് കാലകൂടം വിഷമാണെന്നറിഞ്ഞ് പാനം ചെയ്തു എന്നതിലുമുണ്ട് വൈരുദ്ധ്യം
അപ്പോള്‍ കഥയെന്താകാം? പൊരുളെന്താകാം?(പൊരുളറിയാതെ കഥ മാത്രം വിശ്വസിക്കുന്നവരാണല്ലോ നാം)
മനുഷ്യന്റെ എക്കാലത്തെയും ആഗ്രഹംദുഃഖനിവൃത്തി എന്നൊന്ന് മാത്രമാണ്.
പാലാഴിമഥനകഥയുടെ മൂലം നോക്കിയാല്‍ ഇതു കാണാം. ദേവന്മാര്‍ക്ക് വിധിവശാല്‍ വന്നുപെട്ട ജരാനര എന്ന ദുഃഖത്തെ ഇല്ലാതാക്കാനാണല്ലോ അമൃതലാഭത്തിനായി പാലാഴി കടയുന്നത്. ( ദൈവം മറിച്ചു കരുതീടിലരക്ഷണത്താല്‍ ദേവന്‍ വെറും പുഴു മഹാബ്ധി മരുപ്രദേശം!!)
പാലാഴി സംസാരസാഗരം തന്നെ ആണ് . അമൃതും (അമരത്വവും) കാലകൂടവും ഇതിലാണ് ഉള്ളത്. അശ്രീയും ശ്രീയും വന്നതും ഇതില്‍ നിന്നു തന്നെ. കാലസൂചകങ്ങളായ സൂര്യചന്ദ്രന്മാരുടെ ഉദ്ഭവസ്ഥാനവും അനന്തമായ പാലാഴി തന്നെ.
ദുഃഖനിവൃത്തിക്കുള്ള ഉപായമെന്താണ്? സത്യാന്വേഷണം തന്നെ – അതിന്റെ തലങ്ങള്‍ ശ്രവണം മനനം നിദിധ്യാസനം എന്നിവയത്രെ. ൧ ശ്രവണം – തത്വത്തെ കുറിച്ച് സാമാന്യമായി കേട്ടറിയല്‍ ൨ മനനം – തത്ത്വത്തെ കുറിച്ച് മനസ്സില്‍ ചിന്ത ചെയ്തുറപ്പിക്കല്‍ ൩ നിദിധ്യാസനം – തത്ത്വധ്യാനം (സമാധ്യവസ്ഥ)
ഇപ്പറഞ്ഞവയിലെ രണ്ടാമത്തെ തലമാണ് പാലാഴിമഥനം സൂചിപ്പിക്കുന്നത്. അമരത്വത്തിനു മുമ്പായി സംസാരത്തിനെ കടയുക തന്നെ വേണം. ചെയ്തതും ചെയ്യുന്നതും ഇനി ചെയ്യേണ്ടി വരുന്നതുമായ കര്‍മ്മങ്ങളെ പറ്റി, സുഖദുഃഖങ്ങളെ പറ്റി, അങ്ങനെയെല്ലാമെല്ലാം. കടയപ്പെടണം
ഈ കടയല്‍ എല്ലാ മനുഷ്യരിലും എല്ലാ മനസുകളിലും എല്ലാ കാലത്തും നടക്കുന്നുണ്ട്. ഒരു വശത്ത് ദേവസംഘം മറുവശത്ത് അസുരസംഘം ആയി മനസ്സ് അനുസ്യൂതമായി പ്രപഞ്ചപാലാഴി കടഞ്ഞുകൊണ്ടിരിക്കുന്നു.
ആ കടയലില്‍ തികട്ടി വരുന്ന അനൈശ്വര്യങ്ങളും ഐശ്വര്യങ്ങളും കാണാം. ബലവത്തായ യൗവനം കാണാം….. ക്ഷീണിതവാര്‍ദ്ധക്യങ്ങളെ കാണാം……
ഇവിടെയാണ് കാലകൂടത്തിന്റെ പ്രസക്തി. സംസാരം സുഖദുഃഖസമ്മിശ്രമാകയാല്‍ അമരത്വത്തിന്നു മുമ്പായി കാലകൂടംഉദ്ഗമിച്ചേ മതിയാകൂ. അത്പാനം ചെയ്യപ്പെടേണ്ടതുമാണ്. അഥവാ ശാശ്വതശാന്തിക്കു മുന്പുള്ള സംസാരദുഃഖത്തെ നാം സ്വീകരിച്ചേ മതിയാകൂ. അനിവാര്യമായ അത് കര്‍മ്മഫലങ്ങളുടെ ആകെത്തുകയാണല്ലോ . സ്വീകരിക്കാതെ നിവൃത്തിയില്ല. പിന്നെ എന്താണൊരു വഴി?
ഒന്നു മാത്രം … അതിനെയും ഈശ്വരാര്‍പ്പണമാക്കി ജീവിക്കുക. ശിവന്‍ തന്നെ ഈശ്വരന്‍
ഇപ്പോള്‍ മനസിലായല്ലോ ശിവന്‍ കാലകൂടം പാനം ചെയ്തു എന്നതില്‍ കേവലം വിഷപാനം അല്ല ഉദ്ദേശിക്കുന്നത് മറിച്ച് നിഷ്കാമകര്‍മ്മം തന്നെ ആണ് അത്
നമ്മുടെ ജീവിതത്തെ അനന്തമായ കാലവുമായി യോജിപ്പിക്കുന്നത് കര്‍മ്മങ്ങളും കര്‍മ്മവാസനകളും കര്‍മ്മഫലങ്ങളുമാണ്. അവയെല്ലാം ഈശ്വരാര്‍പ്പണമാക്കുക തന്നെ ഇവിടെ പറയുന്ന കാലകൂടവിഷപാനം നമുക്കും ഈ തത്വത്തെ അറിഞ്ഞാരാധിക്കാം
ശിവരാത്രി ആശംസകള്‍
–ശങ്കര്‍ജി കൊടകര
sankarjikodakara@gmail.com phone – 9744780455"
https://navavani.org.in/wp/archives/4742,श्लोकव्याख्यानक्री़डा – शङ्करनारायणः।,श्लोकव्याख्यानक्री़डा – शङ्करनारायणः।
https://navavani.org.in/wp/archives/962,संस्कृतव्याकरणपाठाः – श्री एन्.के रामचन्द्रः।,"चित् – चन – अपि प्रत्ययाः।
कथासु एतिह्येषु च प्रायः एषां प्रत्ययानां प्रयोगः दृश्यते। नामादीनाम् अनियतत्वे एतेषां प्रसक्तिः। प्रश्नवाचकशब्देभ्यः किं शब्दस्य अपि, चित्, चन प्रत्ययाः प्रयुज्यन्ते।
“अपि चित् चनयोगे किं शब्दः अनियतार्थकः” इति नियमः।
वने एकः सिंहः आसीत् इत्युक्ते सिंहमधिकृत्य सर्वं ज्ञातम् इति प्रतीतिः। अपि च वने एकः एव सिंहः इत्यपि प्रतीयते। परं वने कश्चन सिंहः आसीत् इत्युक्ते अनेकेषु सिंहेषु कश्चन इति अनियतार्थकत्वं च सिध्यति।
अपि, चित्, चन प्रत्ययाः किं शब्देन सह युज्यते चेत् अनियतवाची सर्वनामपदानि भवन्ति। चित्प्रत्ययान्तकिंशब्दस्य त्रिषु लिङ्गेषु रूपाणि एवम्।
एवमेव अपि, चन प्रत्ययानां योगे अपि ।
तथा कुत्र, कति, कदा, कथं, कुतः, इत्यादिषु प्रश्नवाचकशब्देष्वपि एते प्रत्ययाः योजनीयाः।"
https://navavani.org.in/wp/archives/4031,श्रीयेशुदेवचरितसंक्षेपः।,ശ്രീയേശുദേവചരിതസംക്ഷേപഃ – ശങ്കരനാരായണന്‍
https://navavani.org.in/wp/archives/3859,‘തീരെച്ചറിയ ശബ്ദങ്ങള്‍’ ഒ.എന്‍.വി. കവിതയുടെ സംസ്കൃതാനുവാദം – ശങ്കരനാരായണന്‍,"सुसूक्ष्मतराः स्वनाः।തീരെച്ചറിയ ശബ്ദങ്ങള്‍ ഒ.എന്‍.വി. കവിതയുടെ സംസ്കൃതാനുവാദം – ശങ്കരനാരായണന്‍

– शङ्करनारायणः,पूर्णवेदपुरी
मम इष्टं मेघमुरजवादन-
सहितमासारसुसान्द्रनिस्वनम् ।
चल्लत्तरङ्गसागरगीतं तथा
कूलङ्कषापगासुरम्यमन्त्रणम्।।
मदगजस्येव गिरेरवतीर्णं
प्रचण्डमारुतप्रताण्डवघोषम् ।।
स्वमातृराजस्य स्वतन्त्रतावाप्त्यै
समरं कुर्वतां सुदृढघोषणम्।।
मषिकाझंकारत्रसन्नीलवन-(भ्रमरझंकार..)
सुदारुनिर्मिततमोमयरूपाः
द्रुतपदगानलहरीमापीय
करोति नर्तनं, ममेष्टा सा ध्वनिः।।
हिमगिरिशृङ्गस्युपरि च रुद्र-
नटनकेलिषु डमरुवैखरी।।
महाकलशे तु प्रहृत्यतो काला-
यसस्यापि स्निग्धगुणप्रदो रवः।।
तुरगवाहिनीखुरोद्धतो रवः
दिशाप्रकम्पकं पटहताडनम्।।
मम ह्येते प्रियाः, प्रवर्षन्तु मेघाः
तरङ्गाः गर्जन्तु प्रवहन्तु नद्यः।।
क्वचिक्वचित् स्वेच्छं विहरताद्वायुः
समस्तलोकोfपि स्वतन्त्रतामेयात्।।
तमालं काननं वहतात्पल्लवम्
पुराणानि तथा नवं वीर्यं दद्यात्।।
मम ह्येते प्रियाः, परन्त्वतिसूक्ष्म-
स्वनलवोपिf मे ततो प्रियतरः।।
हिमकणिकानां विटपपर्णेभ्यो
पतने यत्स्वनं, रुचिरं तद्धि मे ।।
तरङ्गतुङ्गालिङ्गितसिकतस्य
रतिमनोहरसुनिश्वासरवः।।
विटपकेशेषु प्रणयिनमिव
सुखस्पर्शं कृत्वा रममाणस्य तत्
सदागतेः स तु प्रणयमर्मरो
सुसूक्ष्मोfपि रवः सदा स मे प्रियः।।
सरसमसृणप्रणयार्द्रं कर
वलयान्निर्गतं तरलनिस्वनम्।।
ज्वरतप्तशिशोः करस्पर्शे श्रुतः
अतिसूक्ष्मः नाडीस्वरः स मे प्रियः।।
महन्नाट्यं वितन्वतान्नूपुरात्तु
पतितस्य मणेः सदीनः गद्गदः।।
मथनान्तलब्धममृतं केनापि
हृतमिति चिन्ताजनितनिश्वासः।।
स्मृतिष्वतितरां सुखदं तत्स्वनम्
उदकबिन्दुवत् क्षणस्थिरं स्वनम्।।
वियोगवेदनासहितं रोदनम्
विधिर्ममेति तत्समाश्वासस्वरम्।।
अकथिते… किमप्यकथितेपि ते
मुखे विकसिते यदार्द्रे त्वन्नेत्रे।।
पदे स्खलितेपि निगूढं मां किञ्चित्
भणतीव भाति तव मौनस्वरम्।।
मधुरोfप्यस्तु वा परुषोfथवास्तु
इहैव वर्तन्ते ह्यतिसूक्ष्माः शब्दाः।।
प्रियमित्र मम हृदयभित्तौ ते
पतन्पतन्क्षणाच्छतशतायन्ते।।
महाध्ननिरिव प्रवर्धन्ते रवाः
महोदधिरिव करोति गर्जनम्।।
मम त्वसह्या हि हृदयस्था व्यथा
वद प्रिय – कस्य सुधास्वादो ह्यत्र ?
തീരെ ചെറിയ ശബ്ദങ്ങള്‍
– O N V കുറുപ്പ്
എനിക്കിഷ്ടം മുകില്‍പ്പെരുമ്പറ കൊട്ടി
തിമിര്‍ത്തു പെയ്യുന്ന മഴയുടെ ശബ്ദം!
തിരയടിക്കുന്ന കടലിന്റെ ശബ്ദം!
കര കവിഞ്ഞു പോം നദിയുടെ ശബ്ദം!!
മദഗജംപോലെ മലയിറങ്ങി വ–
ന്നിളകിയാടുന്ന കൊടുംകാറ്റിന്‍ ശബ്ദം!
സ്വമാതൃഭൂവിന്റെസ്വതന്ത്രതക്കായി
പൊരുതുന്നോര്‍ പാടും കരുത്തെഴും ശബ്ദം!
കടന്നല്‍മൂളുന്നോരിരുണ്ട കാട്ടിലെ
കരിവീട്ടി കടഞ്ഞെടുത്ത രൂപങ്ങള്‍
ദ്രുതപദമേതോലഹരിയിലാടി–
ത്തിമിര്‍ക്കുമാസുരഗഭീരമാം നാദം!
ഹിമഗിരിമുടി മുകളിലായ് രുദ്ര–
നടനകേളി തന്‍ ഡമരുകശബ്ദം!
ഒരു പെരുംകുടം അടിച്ചടിച്ചു കാ–
രിരുമ്പിനെ ക്കൂടിമെരുക്കിടും സ്വരം!
കുതിരകള്‍ കുളമ്പടിച്ചു പോം ശബ്ദം!
കതിനകള്‍ പ്പൊട്ടി മുഴങ്ങിടും ശബ്ദം!
എനിക്കിവയിഷ്ടം, മഴ തിമിര്‍ക്കട്ടെ
തിരകളാര്‍ക്കട്ടെ നദിയൊഴുകട്ടെ
ഇടക്കിടെ കാറ്റും മദിച്ചു പായട്ടെ
സമസ്തലോകവും സ്വതന്ത്രമാവട്ടെ
ഇരുണ്ട കാടുകള്‍ തളിര്‍ക്കട്ടെ –പഴം–
കഥ പകരട്ടെപുതിയ വീര്യങ്ങള്‍!
ഇവയെല്ലാമെന്നുമെനിക്കിഷ്ടം പക്ഷേ
പ്രിയതരം തീരെ ചെറിയ ശബ്ദങ്ങള്‍
ഇലകളില്‍ നിന്നു ഹിമകണികകള്‍
തെരുതെരെയിറ്റിറ്റുതിരും നിസ്വനം!
ഒരു തിര വന്നു മണല്‍ത്തരികളെ
കിരുകിരെക്കെട്ടിപ്പുണരും സീല്‍ക്കാരം!
ഒരു തരുവിന്റെ മുടിത്തഴ മെല്ലെ
വകഞ്ഞു പോം കാറ്റിന്‍ പ്രണയമര്‍മ്മരം!
അരുമയായ് വന്നു തഴുകും കൈയിലെ
തരിവളകള്‍ തന്‍ തരളനിസ്വനം!
പനിക്കും കുഞ്ഞിന്റെ മണിബന്ധത്തില്‍ കൈ–
വിരലമര്‍ത്തുമ്പോള്‍ മിടിക്കും നിസ്വനം!
അരങ്ങിലാടുന്ന ചിലങ്കയില്‍ നിന്നു–
മടര്‍ന്നു വീഴുന്ന മണി തന്‍ ഗദ്ഗദം
കടഞ്ഞെടുത്തതാമമൃതം മറ്റാരോ
കവര്‍ന്നു പോയെന്ന നിനവിന്‍ നിശ്വാസം!
സ്മൃതികളിലേതോ സുഖദമാം സ്വരം
ഉദകപ്പോളയൊന്നടരുംനിസ്വനം
വിട പറയുമ്പോള്‍ വിതുമ്പിടുംസ്വരം
വിധിയെയോര്‍ത്തു വീര്‍പ്പിടും മൃദു സ്വരം
പറയാതെ,യൊന്നും പറയാതെ ഒരു
കവിള്‍ തുടുക്കുമ്പോള്‍ മിഴി നനയുമ്പോള്‍
കഴലിടറുമ്പോള്‍ നിഗൂഢമായെന്തോ
പറഞ്ഞതായ് തോന്നും മൊഴികള്‍ തന്‍ സ്വനം
മധുരമായിടാംപരുഷമായിടാം
ഇവിടെഴും തീരെച്ചെറിയ ശബ്ദങ്ങള്‍
പ്രിയസുഹൃത്തേ എന്‍ ഹൃദയഭിത്തിയില്‍
പതിക്കെനൂറുനൂറിരട്ടിയാവുന്നു
അവ വളരുന്നൂ മഹാധ്വനികളായ്
അവയിരമ്പുന്നൂ മഹാസമുദ്രമായ്
എനിക്കു താങ്ങുവാനരുതെന്‍ നെഞ്ചിലെ
കടച്ചില്‍ – ആര,തിലമൃതംതേടുന്നൂ ?"
https://navavani.org.in/wp/archives/1148,चन्द्रोदयः। – विजयन् वि. पट्टाम्बी,"उदेति मेघमालासु तत्रैवास्तं करोति च।
उदयास्तमयं दृश्यं सर्वचित्तप्रचोदकम्।।
तारकानायकं पश्य रजतकान्तिसमन्वितम्।
पश्यतां बालकेभ्यः स ददाति सुखदर्शनम्।।
मृगं वा स शशाङ्कं वा उदरे वहति सदा।
शशाङ्कश्च मृगाङ्कश्च तस्य नामद्वयं स्मृतम्।।
बालकैस्तु प्रियश्चन्द्रः मामा मामेति गीयते।
चन्द्रिका कस्य वा नेष्टा सुनेत्रद्वयधारिणाम्।।"
https://navavani.org.in/wp/archives/951,यदा तदा प्रयोगः – श्री एन्.के रामचन्द्रः।,"यदा सूर्यः उदेति तदा कमलानि विकसन्ति। अस्मिन् वाक्ये कमलानां विकासः सूर्योदयसमये इत्याशयमस्ति। सूर्योदयः प्रसिद्धः कमलानां विकासः अप्रसिद्धः। अतः व्यक्तस्य व्यापारस्य सूचना यदा- तदा प्रयोगेन साध्यते।
‘यस्य च भावेन भावलक्षणम्’ इति सूत्रम्। भावस्य सप्तमीप्रयोगे अपि अयमेवार्थः। यथा – सूर्ये उदयति कमलानि विकसन्ति। अस्य प्रोयगस्य सति सप्तमि प्रयोगः इति कथ्यते। गोसु दुह्यमानासु गतः इत्युक्ते गमनसमयः कः इति व्यक्तता नास्ति। परं गोदोहनसमयमधिकृत्य व्यक्तता अस्ति। अतः गमनं गोदोहनवेलायामेव इति निर्णयः।
उदा-       यदा अध्यापकः कक्ष्यायां प्रविशति तदा छात्राः उत्तिष्ठन्ति।
यदा घण्टानादः श्रुतः तदा छात्राः भोजनार्थं गताः।
यदा मेघाः गर्जन्ति तदा मयूराः नृत्यन्ति।"
https://navavani.org.in/wp/archives/2717,*കേരളപ്പിറവി* ===============*ഹരിപ്രസാദ് കടമ്പൂര്.,"അമ്മയ്ക്കില്ല പിറന്നാളും
സദ്യയും കോടിവസ്ത്രവും
ഷഷ്ടിപൂര്‍ത്തികഴിഞ്ഞിട്ടും
എത്തിയില്ലമ്മയെങ്ങുമേ!
ആര്‍ക്കും വേണ്ടാതെ നോക്കാതെ
ചിതല്‍ മാറാലകെട്ടിയും
കിടക്കും വീട്ടിലാണമ്മ
കിടന്നീടുന്നതിപ്പൊഴും
നൂറായിരം പൊന്നുമക്കള്‍-
ക്കമ്മയാണവളെങ്കിലും
അനാഥയായ്ക്കിടപ്പായീ
തെക്കോട്ടു തലവച്ചവള്‍
അവളോതുന്നൊരാ ഭാഷ-
കേള്‍ക്കാനിഷ്ടപ്പെടാത്തവര്‍
മറ്റുള്ളവയ്ക്കു പിന്നാലെ
പായുന്നൂ നീചബുദ്ധികള്‍
മരിച്ചുപോവതിന്‍ മുന്നെ
അമ്മ മൂടിപ്പുതച്ചിടും
പച്ചോടം കൈയ്ക്കലാക്കാനായ്
ശ്രമിപ്പൂ ചില കോവിദര്‍
പെറ്റമാതാവിനെ, പൊന്നു-
വിളയിക്കുന്ന ധാത്രിയെ
മുറിച്ചു വിറ്റു കാശാക്കി
കീശവീര്‍പ്പിക്കയാം ചിലര്‍
ആര്‍ക്കും വേണ്ടാത്തൊരീയമ്മ
ചക്രശ്വാസം വലിക്കവേ
പട്ടടത്തീയൊരുക്കാനാ-
യൊരുക്കൂട്ടുകയാം ചിലര്‍
പെറ്റാലുമില്ല ചത്താലും
പുലയെന്നുള്ള മട്ടിലായ്
നിര്‍ജ്ജീവമിങ്ങിരിപ്പുണ്ട്
ചില സാഹിത്യമൗനികള്‍.
ഇതൊന്നു മറിയാതെങ്ങോ
വാഴുന്ന നയകോവിദര്‍
കോവിദാരധ്വജത്തിന്റെ
കാറ്റുകൊള്ളും തിരക്കിലാം
അമ്മയ്ക്ക് വായ്ക്കരിയിടാന്‍
അരിയും തേടിയോടിനാന്‍
സപ്തശൈലങ്ങളും താണ്ടി
ചില തത്പരകക്ഷികള്‍
തുലവര്‍ഷമഴക്കാറില്‍
വന്നിറങ്ങേണ്ടൊരാ മകള്‍
അമ്മയെ ത്തൊട്ടുതഴുകാന്‍
മടിച്ചെങ്ങോ ഗമിക്കയായ്
മുക്കിത്തുടക്കുവാന്‍ പോലും
ആവാതമ്മ കുഴങ്ങവേ
വിണ്ടുകീറുന്നിതാ ദേഹം
വെള്ളരിക്കണ്ടമെന്നപോല്‍
അമ്മതന്‍ കൈപിടിക്കേണ്ട
നവയൗവനമിപ്പൊഴും
മരുന്നിന്റെ മയക്കത്തില്‍
എങ്ങോ വീണുകിടപ്പിലായ്
സാന്ത്വനോക്തികളോതേണ്ട
ബുദ്ധവാര്‍ദ്ധക്യമെപ്പൊഴും
ഹരിസ്മരണയില്ലാതെ
ലഹരിയ്ക്കായ് ഗമിക്കായ്
തീപുയ്ക്കാത്ത വീടിന്റെ
പുറം തിണ്ണയിലിപ്പൊഴും
അനാഥബാല്യം ചോറിന്നായ്
കൈനീട്ടി വിലപിപ്പതും
രാവിന്‍ മൗനം മുറിച്ചെങ്ങോ
പെണ്‍മക്കള്‍ കരയുന്നതും
നെഞ്ചുകീറിപ്പിളര്‍ന്നേതോ
മകന്‍ കൊലവിളിപ്പതും
ആസന്നമൃത്യുവാ,മമ്മ
അസ്പഷ്ടം കേട്ടു ഞെട്ടവേ
പിറന്നാളിന്‍ പ്രഘോഷത്തി-
നൊരുങ്ങീ ചില സജ്ജനം.
… … …. ….
ഈമട്ടെങ്ങും പ്രപഞ്ച-പ്രകടനനടുവില്‍
പെട്ടു ശ്വാസം വലിക്കാ-
നാവാതേറെക്കുഴങ്ങും ജനനി!
തവ പിറന്നാളഹോ! മോദപൂര്‍വ്വം
പുത്രന്മാര്‍ *പുത്-ഇതിപ്പേര്‍ പെരുകിയ നരകത്തീന്ന് മോക്ഷം തരേണ്ടോര്‍*
കൊണ്ടാടിക്കണ്ടിടുമ്പോള്‍ ചിലതിഹ പറയു-
ന്നിന്നു ഞാന്‍ ഖേദപൂര്‍വം..
😥😥🙏🏻🙏🏻😥😥"
https://navavani.org.in/wp/archives/2268,शिवकेशवेशिपञ्चरत्नस्तोत्रम् – शङ्करनारायणः आनक्करा।,"(स्तोत्रमिदं संस्कृतभाषापक्षे
गङ्गापक्षे च व्याख्यातुं शक्यते।)
 
कलासु पूर्णा सकलासु पूर्णा
प्रयोगपूर्णा∫पि च योगपूर्णा।
वाण्यापगा संस्कृतवर्णपूर्णा
तनोतु नो शं शिवकेशवेशी।।
 
प्रपञ्चसारा∫खिलवेदसारा
सदुक्तिपुष्टा∫प्यसदुक्तिपेष्टा।
धिया प्रभूता∫∫त्मधिया च पूता
तनोतु नो शं शिवकेशवेशी।।
 
क्रियाविशुद्धा पदवाक्यशुद्धा
रसैः प्रसिद्धोपनिषत्सु श्रद्धा।
सदा प्रबुद्धा स्वरसन्निबद्धा
तनोतु नो शं शिवकेशवेशी।।
 
सतां शरण्या स्वजनैर्वरेण्या
नमस्कृता निर्जरराजवेण्या।
कृतारिलज्जा सुरसंघपूज्या
तनोतु नो शं शिवकेशवेशी।।
 
लसत्तरङ्गाभिनवा रसाढ्या
स्वसेवकेभ्यो शिवदानदक्षा।
सतां विरक्त्युन्मुखमुक्तिदात्री
तनोतु नो शं शिवकेशवेशी।।
 
यो वै पुमान् पूरितभक्तियुक्तः
भजेत् प्रभाते शिवकेशवीं ताम्।
वाण्यापगानुग्रहपूरितस्य
न तस्य वाणी स्खलिता कदापि।।"
https://navavani.org.in/wp/archives/1833,मातृस्नेहः।,"कविता – वि.विजयन् पट्टाम्बी।
 
 
 
माता∫स्ति मामक गेहे
गेहस्य शोभां तनोति।
मातरं नित्यं प्रणम्य भक्त्या
विद्यालयः मया गम्यः।
जन्मनः पूर्वं सा साध्वी-मम
सौभाग्यकारणं जातम्।
पूर्वे वयसि च नित्यं जल-
पानं च भोज्यं च दत्तम्।
वर्णयुतकं मे वस्त्रं – तया
धारितं सर्वमङ्गेषु।
क्षीरं मधुरसभोज्यं -तया
पानाय नित्यं प्रदत्तम्।
पुस्तकं स्यूते निक्षिप्य – मम
हस्ते तया नित्यं दत्तम्।
मध्याह्नभोजनं पात्रे नित्यं
सस्नेहं मह्यमयच्छम्।
मामकमाता मे इष्टा – तस्याः
भाषणं श्रोत्रपियूषम्।
प्रत्यक्षदेवता माता – मया
नित्यं प्रणामश्च कार्यः।।"
https://navavani.org.in/wp/archives/953,वेदगणितसूत्राणि। by Raman kizhakkedath.,"१. एकाधिकेन पूर्वेण।
ഈ സൂത്രവാക്യത്തിന്റെ അര്‍ത്ഥം മുമ്പുള്ളതിനേക്കാള്‍ ഒന്ന് അധികം എന്നാണ്. ഇതിന്റെ ഒരു ഉപയോഗം 5എന്ന അക്കത്തില്‍ അവസാനിക്കുന്ന സംഖ്യകളുടെ വര്‍ഗ്ഗം കാണുന്നതിനാണ്.
ഉദാഹരണമായി 15-ന്റെ വര്‍ഗ്ഗം കാണുവാന്‍ 1/5 എന്നിങ്ങനെ എഴുതുക. 5-ന്റെ വര്‍ഗ്ഗം എല്ലായ്പോഴും 25ആയിരിക്കും. പിന്നീട് 1 ആണ് പൂര്‍വ്വമായി വരുന്ന സംഖ്യ. ഇതിനേക്കാള്‍ 1 അധികം =2. 2നെ 1 കൊണ്ട് ഗുണിക്കുക =2. അപ്പോള്‍ 2/25 അഥവാ 225 എന്നു കിട്ടുന്നു.
2/5-ന്റെ വര്‍ഗ്ഗം കിട്ടുവാനായി 2+1 = 3. ഇതില്‍ 2-നെ 3 കൊണ്ട് ഗുണിക്കുക. 6 എന്ന് കിട്ടും. ഇപ്പോള്‍ 6/25 അഥവാ 625 എന്ന് വര്‍ഗ്ഗം കിട്ടുന്നു.
ഇപ്രകാരം..
എന്ന് കാണാവുന്നതാണ്.
ഇതിന്റെ വപരീതം ചെയ്താല്‍ 25-ല്‍ അവസാനിക്കുന്ന സംഖ്യകളുടെ വര്‍ഗ്ഗമൂലം കാണാം.
ഉദാഹരണമായി 625-ല്‍ 6-നെ 2 ഘടകങ്ങളാക്കുക. തൊട്ടടുത്ത സംഖ്യകളായിരിക്കണം. അതായത് 2 ഗുണം 3. ഇതില്‍ ചെറിയ സംഖ്യ എടുക്കുക പിന്നീട് 25-ന്റെ വര്‍ഗ്ഗമൂലം 5 ഇടുക. 2/5 അഥവാ 25 എന്ന് കിട്ടുന്നു. 625 -ന്റെ വര്‍ഗ്ഗമൂലം 25 ആണ്.
ഇനി മറ്റു സംഖ്യകളുടെ വര്‍ഗ്ഗമൂലം കണ്ടുനോക്കൂ.."
https://navavani.org.in/wp/archives/949,"।।ककारपरिचायनम्।। (सम्भाषणकविता) हरिप्रसाद्,वि.टि.कटम्बूर्।","कुतः आगच्छति मित्र, भवान्?
आगच्छामि मम भवनात्।
रात्रौ गच्छति कुत्र सखे?
आपणमधुना गच्छामि।
किमर्थम्  आपणगमनं ते?
आवश्यकमपि लवणं मे ।
किं तव हस्ते मम मित्र?
मामकहस्ते करदीपः
(अर्धहोरानन्तरम्)
कदा भवान् प्रत्यागतवान्?
प्रत्यागतवानधुनाहम्।
कति(कियत्) रूप्यकाणि लवणस्य?
दशरूप्यकाणि लवणस्य।
कथं  भवान् प्रत्यागतवान्?
केवलपादोस्म्यागतवान्।
पुनर्मिलावः शुभरात्रिः
तथास्तु मित्र, गच्छामि।।
(अस्याः कवितायाः प्रकाशनाधिकारः लेखके निक्षिप्तम्)"
https://navavani.org.in/wp/archives/957,कविता – टि. वत्सलादेवी।,"त्यज मां सुहृदः।
एकशतात्मकवर्षाणि जीवितं
यापितो∫हं भूमौ तुष्टिपूर्णम्।
भूलोकवासि मनुजास्तुमामद्य
त्याज्य इत्येवं प्रघोषयन्ति।।
पारिस्थितिक विपत्तिति घोषणम्
श्रूयते सर्वदा दिक्षु दिक्षु।
भूतले जीविसहस्राणां सञ्चयः
आदिमकाले अनादिकाले। ।
मृत्युमुपगताः मृण्मयो भूताश्च
भूगर्भगर्ते गताश्च मेदः।
वर्षाण्यतीतान्ययुतसहस्राणि
रासविपर्ययो जात ऐव। ।
पेट्रोळियमिति नामकं वस्तु तत्
भूगर्भसञ्चयस्तत्र तत्र।
बुद्घिमन्तःखलु मानवाः ते द्रुतं
मेदिनीं दोहनं कर्तुकामाः ।।
यन्त्रखनित्रादि नूतनवस्तूनि
निर्मीय सज्जाश्च व्यापृताश्च।
आनीय वस्तुं च व्यस्तञ्च कृत्वा तु
मर्त्यस्योपकारकं चकार। ।
शास्त्रपरीक्षणं देशोपकारकं
तत्कदाचित्परं दोषरूपम्।
वाहनानां शीघ्र धावनं टार्
धूमरहितमहानसञ्च। ।
भाररहित वहनीयवस्तूनि
वश्यमनोहर शिल्पाश्च भो ।
रूपविपर्यये दक्षो हमत्र मे
वक्रतां शीघ्रतां क्षिप्रसाध्यम्। ।
अल्पोहमत्र मेस्थानं तथाप्यहं
पेट्रोलियोत्पन्न एव मित्र।
नित्योपयोगीनि वस्तून्यनेकानि
मदायत्तजातानि भूतले∫त्र। ।
अन्योपकाराश्च सन्ति अनेकाश्च
यावच्च सत्गुणवान् च नाहम्।
मृणमयभूमावयुतसंवत्सर–
कालमतीतेपि नैव नाशो ।।
भूयादतो भूमेर्सत्तां विनश्यति
भूतलवासिनां नाशहेतु ।
वशयललितमनोहरभावेन
आगत घोरपिशाच एव।।
जाग्रत घोषणं श्रुण्वन्तु मानवा
स्वात्मविपदं परित्यजन्तु।
हस्ते तु स़ञ्चिकामादाय गच्छन्तु
मह्यं क्यजन्तु नराश्च भू।।
आत्मसमर्पणं कर्तुमिच्छाम्यहं
भूयो पि भूमातुश्रेयसेद्य।
सात्विकश्रेष्ठमुनिसत्तमैरिव
सन््त्यजे मामकजीवनं हि।।"
https://navavani.org.in/wp/archives/944,आयुर्दानं महादानम्। – डो. कोरमङ्कलं कृष्णकुमारः,"नियमः।
आसनम्।
प्राणायामः।
प्रत्याहारः।
ध्यानम्।
धारणा।
समाधिः।

हस्तौ।
उरः।
पादौ।
जानू।

बालः।
ग्रहः।
ऊर्ध्वाङ्गः।
शल्यः।
दंष्ट्रा।
जरा।
वृषः।
आयुर्वेदचिकित्सापद्धत्याःअष्टाङ्गान्येव अत्र प्रतिपाद्यः।  ആയുര്‍വേദത്തിനു പുറമെ, യോഗശാസ്ത്രത്തിലും തന്ത്രശാസ്ത്രത്തിലുമൊക്കെ അഷ്ടാംഗങ്ങളെക്കുറിച്ച് പ്രതിപാദിക്കുന്നുണ്ട്."
https://navavani.org.in/wp/archives/942,बालकविताः – मुत्तलपुरम् मोहन्दास्।,
https://navavani.org.in/wp/archives/938,अधुनातननीतिसारः।डो. हरिप्रसाद् कटम्पूर् ।,"(प्रसिद्धानां नीतिसारश्लोकानां कालिकमाक्षेपहास्योपेतञ्च छायानुकरणम्)
 
 
 
 
१.            सर्वे भवन्तु रोगार्ताः।
               सर्वे सन्तु च निर्धनाः।
               सर्वे दुःखानि पश्यन्तु
               मामेकं च सुखीं कुरु।।
२.            किं वदन्तिं छलं ब्रूयात्
               न ब्रूयात् सत्यमेकदा।
               अप्रियन्तु सदा ब्रूयाद्
               एष धर्मोधुनातनः।।
३.            नह्युद्यमेन सिद्ध्यन्ति
               कार्याणि तु मनोरथैः।
              अलसाय स्वपुत्राय
               पिता यच्छति भोजनम्।।
४.            शुक्लपक्षे तथा कृष्णे
               न हि चन्द्रस्य तुल्यता।
               सम्पत्तौ च विपत्तौ च
               महतां नैकरूपता।।
५.            सर्वं दैवमिति ज्ञात्वा
               त्यजेदुद्योगमात्मनः।
               अतिशीतजलं लब्धं
               विनोद्योगं हिमालयात्।।
६.            उत्सवे व्यसने चैव
               विवाहे विजये तथा।
               ददाति मद्यं यो भूरि
               स एव प्रियबान्धवः।।
७.            अयं निजः परो वेति
               गणना लघुचेतसाम्।
               विशालहृदयानान्तु
               स्त्रियः सर्वाः स्वपत्नयः।।
 
८.            अन्तर्जालाच्च पादन्तु
               पादं शिष्यस्तु ‘टीवि‘तः।
               पादन्तु दूरवाण्याश्च
               पादं मित्राच्च स्वीकुरु।।
 
९.            शीघ्रता स्पष्टता मौढ्यं
               गद्गदं वायसस्वरम्।
               वाक्यस्यापूर्णता चेति
               षडेते पाठका गुणाः।।
 
१०.          धनं यस्य बलं तस्य
               निर्धनस्य कुतो बलम्?
              ‘क्वट्टेषन्‘ संघमाहूय
               धनी शत्रून् विनश्यति।।
 
११.          न चिन्तयेत् विपत्तीनाम्
               आदावेव प्रतिक्रिया।
               न क्रीणाति गृहे रोगी
               आम्बुलन्स् नाम वाहनम्।।
 
१२.          कदम्बपुरवास्तव्य–
               वाक्यसारमिदं द्वयम्।
               परोपकारो दुःखाय
               परद्रोहं सुखाय च।।
(एवं कदम्बपुरवास्तव्येन मया विलोमदृष्टिना निजमित्राणामुद्बोधनाय विरचिते
अधुनातननीतिसारे प्रथमो भागः असमाप्तः।।)"
https://navavani.org.in/wp/archives/935,मम सन्ततसहचारी – मुत्तलपुरं मोहन्दास्।,"मया सहैव स सञ्चरति।
पदमनुपदमनुसरति स माम्।
कदापि त्यजति न मम साह्यम्।
सहैव क्रीडति हसति च रोदिति।
सहैव वदति च भक्षयति।
सहैव स्वपिति मया स च नित्यम्।
तथैव स्वापादुत्थानम्।
कुतः सः गच्छति नाहं जाने
तमसि विहाय च मामनिशम्
तथापि पुनरागच्छति शीघ्रं
प्रकाशस्फुरणे ममान्तिकम्॥"
https://navavani.org.in/wp/archives/933,ध्येयवाक्यानि।,"अल्पाक्षरैः अनन्त, गाम्भीर्य, गहनार्थयुक्तानि तादृशध्येयवाक्यानि गुरुः इव, मित्रमिव, श्रेयोभिलाषी इव अस्मान् निरन्तरं प्रेरयन्ति। जीवनयाने सत्प्रदर्शनं कुर्वन्ति। सूत्र, मन्त्र, तन्त्र, सूक्ति, सुभाषितरूपेण असंख्याकानि प्रेरणावाक्यानि सन्ति। तानि पठ्यमानाः जनाः नूतनोत्साहं, चैतन्यं, स्फूर्तिं च प्राप्नुवन्ति ।
उदाहरणरूपेण कानिचन ध्येयवाक्यानि पश्यामः –
भारतप्रशासनादारभ्य अनेकप्राशासनिककार्यनिर्वहणसंस्थाः, प्रशासनिकतदितरविद्यासंस्थाः, स्वच्छन्दसेवाधार्मिकसांस्कृतिकसंस्थाः च विविधग्रन्थेभ्यः विविधसंस्कृतसूक्तीः ध्येयवाक्यरूपेण स्वीकृत्य स्व स्व लक्ष्यसाधने प्रेरणां लभन्ते। एतत् संस्कृतभाषायाः औन्नत्यं प्रकटयति ।
एवं बहुविध संस्कृतसूक्तयः अस्मान् निरन्तरं प्रेरयन्ति, एषा संस्कृतभाषायाः महिमा अस्ति।"
https://navavani.org.in/wp/archives/930,विजयते तवेप्सितम् – श्री मुत्तलपुरं मोहनदासः।,"जगदधीश! त्वां स्तुवन्ति सकलमानवास्सदा
निगदितो मनीषिभिश्च त्वं परात्मदैवतम्।
विजयते तवेप्सितं सदापि जगति निश्चितं
सदयमातनोतु नित्यमङ्गलं दयानिधे!
दिनकरं दिने दिने दिनात्यये निशाकरं
पुनरसंख्यतारका विलोकयामहे दिवि।
अहो! विचित्रमद्भुतं त्वदीयसर्गवैभवं
कथं नु पारयेम तस्य संस्तवाय हे प्रभो!
सागरे समुद्धते समुन्नते च पर्वते
द्योतते विभो! भवद्गभीरता नमोस्तु ते।
त्वां स्तुवन्ति कलकलं खगाश्च निम्नगाश्च भो!
त्वां वदन्ति सर्वशक्तमिति च तत्त्ववेदिनः।
जगदहो कियन्मनोज्ञमथ च मर्त्यजीवितं
नियतमत्र जन्म लब्धमिति च पुण्यहेतुकम्।
सफलमस्तु त्वत्कृपावरेण भुवनजीवनं
सकललोकनाथ! दुरितमोचनं विदेहि भो!"
https://navavani.org.in/wp/archives/927,कविता – अनन्त पंढरीनाथ कुलकर्णी ।,"पठने पाठने वार्तालापे प्रष्ने तथोत्तरे ।
वदन्तु संस्कृतं सर्वे गुरु शिष्या निरंतरम् ।।१।।
तर्के वितर्के संवादे विवादे गुप्तभाषणे ।
वदन्तु संस्कृतं सर्वे गुरु शिष्या निरंतरम् ।।२।।
कोलाहले च कलहे मिलने मेलने तथा ।
वदन्तु संस्कृतं सर्वे गुरु शिष्या निरंतरम् ।।३।।
विचारे शास्त्रचर्चायां पूजायां यज्ञकर्मणि ।
वदन्तु संस्कृतं सर्वे गुरु शिष्या निरंतरम् ।।४।।
स्वागते चैव सत्कारे सहभोजन-पानयोः ।
वदन्तु संस्कृतं सर्वे गुरु शिष्या निरंतरम् ।।५।।
संबोधने तथाह्वाने निर्देशे स्वीकृतौ तथा ।
वदन्तु संस्कृतं सर्वे गुरु शिष्या निरंतरम् ।।६।।
आदाने च प्रदाने च पृच्छायां प्रतिबोधने ।
वदन्तु संस्कृतं सर्वे गुरु शिष्या निरंतरम् ।।७।।
अभ्यत्थानेsनुगमने प्रणामे च तथाशिषि ।
वदन्तु संस्कृतं सर्वे गुरु शिष्या निरंतरम् ।।८।।
कथोपकथने रम्ये चटुले चाटुभाषिते ।
वदन्तु संस्कृतं सर्वे गुरु शिष्या निरंतरम् ।।९।।
अशिष्टवाक्प्रयोगेsपि हास्ये व्यङ्गे च नर्मणि ।
वदन्तु संस्कृतं सर्वे गुरु शिष्या निरंतरम् ।।१०।।
धन्यवादप्रदानेच प्रशंसायां विगर्हणे ।
वदन्तु संस्कृतं सर्वे गुरु शिष्या निरंतरम् ।।११।।
नाsत्र श्रमो न हानिर्वा न दोषो न च निन्दनम् ।
वदन्तु संस्कृतं सर्वे गुरु शिष्या निरंतरम् ।।१२।।
गुरूणामथ शिष्याणां सर्वेषां पादपद्मयोः ।
वदन्तु संस्कृतं सर्वे गुरु शिष्या निरंतरम् ।।१३।।"
https://navavani.org.in/wp/archives/924,"स्वातन्त्र्यगीतम्। कविता – Pradeepkumar, Belljur GHSS, Kasargod.","गायामो वयमुच्चैरुच्चैः
स्वातन्त्र्यस्य सुगीतम्।
वहाम नूनं जन्मधरित्र्याः
त्रिवर्णपताकामेवम्।।
भारतमेकम् एकं भवति
एका भारताजनता।।
एको धर्मः एका माता
समानरक्तम्
एकं कुलमस्माकम् ।
सत्यम् धर्मः सैहेदर्यम्
अस्मज्जीवनमन्त्रम्
स्नेहं सहनं सर्वसमत्वम्
अस्मद्मोचनतनतन्त्रम्
असम्द्वसुरपि स्वर्गं सर्वम्
जन्मधरा हि सदापि
एतद्देशसुरक्षायै वयम्
प़ड्क्तिषु झचिति मिलामः।।"
https://navavani.org.in/wp/archives/921,"संस्कृते गणितम्- श्री सतीष्, श्रीकृष्णा उच्चविद्यालयः, आनन्दपुरम्।","गणितशास्त्रस्य इतरैः विषयैस्साकं अतीवसंबन्धो BC2000 (क्रिस्तोः पूर्वं द्विसहस्रतमे वर्षे)तमे वर्षे लगधमहर्षिः गणितस्य प्राधान्यमुक्तवान्।
यथा शिखा मयूराणां नागानां मणयो यथा ।
तद्वद्वेदज्योतिषाणां गणितं मूर्धनि स्थितम्।।
महावीराचार्येण AD 850 (क्रिस्तोः परं पञ्चाशतधिक अष्टशततमे वर्षे ) गणितसारसंग्रहे उक्तम्। यथा–
लौकिके वैदिके सामाचिकेSपि यः।
व्यापारस्तत्र सर्वत्र संख्यानमुपयुज्यते।।
कामतन्त्रे अर्थशास्त्रे च गान्धर्वे नाटकेSपि।
वा तथा वैद्ये वास्तुविद्यादि।।
वस्तुषु बहुभिर्विप्रलापैः किम्।
त्रैलोक्यसचराचरैर्य्यद्किञ्चिद् सर्वम्।।
गणितेन विना नहि………………..।
भारतीयश्शास्त्रविषयास्सर्वे वेदकाले एव रचिताः इति आधुनिकशास्त्रज्ञैरस्मभ्यद्दर्शितम्। प्रायशः अध्यायशतेषु लिखितं शतपथब्राह्मणम्, संख्यायनब्राह्मणम्, भूपतब्राह्मणम्, इत्यादिग्रन्थेषु यज्ञकुण्डानां निर्माणे गणितं प्रत्येकतया वृत्तं, त्रिकोणं, सामान्तरिकं, समपार्श्वत्रिकोणं, समभुजत्रिकोणं, समान्तरश्रेणिः, समगुणितश्रेणिः, इत्यादिगणितविषयाः अनया भाषया प्रतिपादिता पञ्चसहस्रेभ्यो वर्षेभ्यः पूर्वं यजुर्वेदे दशानां गुणनं परामृष्टम्।
“एकं च दश,
दश च शतं
शतं च सहस्रं,
सहस्रं च अयुतं,
अयुतं च नियुतं,
नियुतं च प्रयुतं,
प्रयुतं चार्बुदम्,
अर्बुदं च न्यर्बुदं,
न्यर्बुदं च समुद्रं,
समुद्रं च मध्यं,
मध्यञ्चान्तश्च परार्द्धम्।”
अत्र 10°, 10¹, 10², 10³ इति। एषा रीतिः उपयुक्ता वेदकालेSपि। ग्रीक् चिन्तकानां तस्मिन् काले 104
तदुपरि स्थानमूल्यं नासीत्। क्रिस्तोः परं (AD1000) एकसहस्रपर्यन्तं ‘यूरोप्‘ राज्ये ‘दशसंख्यासम्प्रदायः‘ नासीदिति चरिकारैरुक्तम्। प्रोफ. कान्टर्, प्रोफ. माक्स् मुल्लर्, प्रोफ. स्मित्, प्रोफ. लेवि एते विदेशीयाः संस्कृतभाषायां विद्यमानानि ‘शूल्बसूत्राणि‘ लोकेभ्यः ज्ञापितवन्तः। ते गणितग्रन्थाः भवन्ति। भूमेः गोलाकृतिः, भूभ्रमणं, गोलयन्त्रस्य निर्वचनम्, चन्द्रे जलसान्निध्यम् च सर्वं नवनवत्यधिकचतुश्शततमे (AD 499) वर्षे रचिते आर्यभटीये ग्रन्थे प्रतिपादितम्। ‘ऐसक् न्यूटण्‘ इत्यस्य जननात् पूर्वमेव ‘भूगुरुत्वाकर्षणम्‘ परिचायितं द्वितीयेन भास्कराचार्येण सिद्धान्तशिरोमणि नामके ग्रन्थे
“आकृष्टिशक्तिश्च मही तया यत्“,
“स्वस्थं गुरुस्वाभिमुखं स्वशक्त्या आकृष्यते तत् पततीव भाति” इति।
तदेवत् भरद्वाजमहर्षिः ‘विमानतन्त्रे‘ इति स्वग्रन्थे विमानस्य प्राधान्यमक्तवान्।
“ देशदेशान्तरं यद्वत् द्वीपद्वीपान्तरं तथा
लोकलोकान्तरं चैव यो अन्तरीक्षे गन्तुमर्हसि
स विमान इति प्रोक्ता” इति।
अस्माकं शास्त्रेषु सर्वमस्ति किन्तु सुष्ठु ज्ञातव्ये सुष्ठु अध्येतव्यम्। सामान्यमुक्त्वा विशेषज्ञापनायैव अधुना विरमामि।
श्री सतीष् महोदयः
गणिताध्यापकः
श्री कृष्ण उच्चविद्यालयः, आनन्दपुरम्, इरिङ्गालक्कुटा।"
https://navavani.org.in/wp/archives/108,आकाशनीलिमा,"पश्यतु मित्रक आकाशं
छत्रसमानमुपरितले।
पुष्पैराच्छादितं किमु छत्रं
मध्ये चन्द्रः शीतकरः।।
जलदाः श्यामा जलभरिता
दुन्दुभिनादं कुर्वन्ति।
गगने कनकारुणवर्णः
तडितः घोरं गर्जन्ति।।
भ्रमरा पुष्पेष्वतिलीना
मधुरं मधुरं गु़्ञ्जन्ति।
कलकलनिनदैः खगमाला
मुखरति गगनं सर्वत्र।
पक्षं द्वयमिह लब्धं चेत्
इष्टविनोदं करवाम।।"
https://navavani.org.in/wp/archives/430,चन्द्रोदयः।,"वि. विजयन् पट्टाम्पी
उदेति मेखमालासु तत्रैवास्तं करोति च।
उदयास्तमयं दृश्यं सर्वचित्तप्रचोदकम्।।
तारकानायकं पश्य रजतकान्तिसमन्वितम्।
पश्यतां बालकेभ्यः स ददाति सुखदर्शनम्।।
मृगं वा स शशाङ्कं वा उदरे वहति सदा।
शशाङ्कश्च मृगाङ्कश्च तस्य नामद्वयं स्मृतम्।।
बालकैस्तु प्रियश्चन्द्रः मामा मामेति गीयते।
चन्द्रिका कस्य वा नेष्टासुनेत्रद्वयधारिणाम्।।"
https://navavani.org.in/wp/archives/106,श्रावणकालः। – श्री विजयन् वि पट्टाम्बि।,"गगनमश्रुविमुक्तं पश्यत
श्रावणकालः सम्प्राप्तः।
पुष्पाणां हा सुरभिलगन्धः
पुष्यति मानसमस्माकम्।।
रजतककान्तिसमेतं वानं
श्रावणरजनी ह्यायाता।
मधुना मत्ताः चित्रपतङ्काः
मादककेलिषु संलग्नाः।।
धान्यं बहुतरं सम्भृतमेतत्
कर्षकचित्तं हर्षभरम्।
हा! हा! पश्यत श्रावणकालः
मानवचित्तमिहायातः।।
 
डिण्डिमि डिण्डिं नादं श्रृणुत
श्रावणव्याघ्राः विलसन्ति।
तित्तै तित्तै घोषं श्रृणुत
नौकाकेलिः समारब्धा।।
पूप्पोलि पूप्पोलि गानं भरितं
बालाः पुष्परतास्तत्र।
हू हू हू हू नादं श्रृणुत
दोलादोलनमारब्धम्।।
हा हा पश्यत श्रावणकालः
मानवचित्तमिहायातः।
पीतं सर्वं कदलीवृन्दं
पक्वं जातं मधुरतरम्।।
पर्पटभर्जनगन्धो भरितः
लालावर्धकशक्तियुतः।
क्वथितं सूपं भर्जितसहिता
श्रावणसग्धिः समारब्धा।।
आगच्छत भोः मित्रक रुचितैः
उदरं पूर्णं करवाम।
सुतलादद्य समागच्छन्तं
माबलिराजं स्वीकुर्म।।"
https://navavani.org.in/wp/archives/104,कविताः – विजयन् वि. पट्टाम्बी।,"अष्टमवर्गे विभातम् इति कवितायाः पठनात्परं कवितारचनायै चत्वारः विषयाः प्रदत्ताः सन्ति। विषयानुसारं चतस्रः कविता लिखिताः प्रकाश्यन्ते। अध्यापकानां तथा छात्राणां च इमाः कविताः मार्गदर्शकाः भूयासुरिति प्रार्थना।
-विजयन् वि पट्टाम्बी।
१. काननश्रीः।
काननं नीलवर्णाभं मेघकान्तिसमं लसत्
ईशेन जगति स्रष्टम् अपूर्वं दृश्यविस्मयम्।
अश्वत्थाम्रपुन्नागैः पनसैश्चार्णवृक्षकैः
निम्ब बर्बर कपूर शाल्मलीप्रियकैर्भृतम्।।
मञ्जरीभिश्च पूष्पैश्च काननं गन्धपूरितम्
मधुना कन्दजालैश्च माधुर्यं द्विगुणीकृतम्।
अफलैः सफलैर्वृक्षैः समृद्धैश्च सुवर्धितैः
हरति हृदयं सर्वं काननश्रीः सदा जवात्।।
वल्मीकैः सर्पवासद्बिः तटाकैः पल्लवैः हृदैः
वातैश्च चन्दनाविष्टैः काननं नेत्रमोहनम्।
चातकश्येनगृध्रैश्च काककोकिलसारसैः
चक्रवाकैश्च सम्पन्नं काननं कस्य नप्रियम्।।
२. चन्द्रोदयः।
उदेति चन्द्रमा दूरे वनच्छन्ननभस्थले
रात्रिर्हसति सामोदं शुभ्रकान्तमुखाम्बुजा।
आकाशं शोभते सम्यग् नक्षत्रैः रुचिरप्रभैः।
उत्प्लुत्योत्प्लुत्य गच्छन्ती चन्द्रमेयं पतेद्भुवि
बालकैर्वर्धितोत्साहैः वीक्ष्यमाणैः सकौतुकम्।
लीयन्ते चन्द्रकान्तास्तु कुमुदानि हसन्ति च
युवकाः उत्कण्ठितास्सर्वे कामिनीविरहशोषिताः।।
उलूकाश्चक्रवाकाश्च समं स्वप्रणयिनीजनैः
स्वैरं कुर्वन्ति सञ्चारं वृक्षात् वृक्षं वनाद्वनम्।
बालकाः वर्धितामोदाः अङ्कणेषु स्थिताः चिरम्
उन्मुखैः स्फारितैर्नेत्रैः ईक्षन्ते चन्द्रमां भृशम्।
पश्य पश्याङ्क! हे पश्य कोsयं हसति दिङ्मुखे
वारं वारं वदन्त्येवं माता भोजयति शिशुम्।
ददती सर्वसौभाग्यं शीतञ्चामृतसन्निभम्
सौख्यञ्च चित्तसम्पूर्णं समेषां नेत्रधारिणाम्।
३. मातृस्नेहः।
सर्वजीविनां जन्मदायिनीं स्तन्यपायनाद् वृद्धिकारिणीं
स्नेहलालनाद् तोषकारिणीं मातृदेवतां नौमि सादरम्।।
वृद्धिरागतौ पादयुग्मकौ वृद्धिरागता नासिकेति वा।
प्रतिदिनं तया चिन्त्यते मुदा तनयपोषणं स्नेहपूर्णया।।
यदि जिघासया रोदिति सुता चटुलमेत्य सा तोषवर्धिता।।
निजकरेण सा भोज्यपानकान् अतुलकौतुकं भोजयेच्चिरम्
मातरं सदा वन्दनं कुरु मातरि सदा स्निह्यतु सखे।
मातृदैवतां दृष्टिगोचरं गणय सादरं साधु दैवतम्।।
 
४. आकाशनीलिमा ।
आकाशं छत्रसङ्काशं विस्तृतं विमलं तथा
जलदैर्लघुभिर्युक्तं नीलवर्णेन लोपितम्।
सूर्यदेवस्य यात्रायै येनेदमूर्द्वमास्तृतम्
विपुलं गोलरूपं तत् सुन्दरं नीलकम्बलम्।
इनदेवो दिवा नित्यं दीपकोटिसमप्रभः
स्खालित्येन विना पादौ मन्दं सञ्चरते मुदा।
भूयांसो नीलवर्णस्तु केनेदं सुविलेपितम्
भगवतः सर्वशक्तस्य कर्मकौशलमेव हि।
प्रभाते रक्तवर्णेन मध्याह्ने नीलया तथा
सायाह्ने कपिशवर्णेन केनेदं लेपितं क्षणम्?
नीलाकाशमार्गेण गन्तुमिच्छास्मि मे चिरम्
साध्यं वा यदि वा  नास्तु दृश्यमेतत् हि सौख्यदम्।।"
